"Path","InRepoA","InRepoB","A_FullPath","B_FullPath","A_LastWrite","B_LastWrite","A_Size","B_Size","A_Hash","B_Hash"
"__pycache__\__init__.cpython-311.pyc","True","True","C:\development\forensic_tracer_installer_project_root\__pycache__\__init__.cpython-311.pyc","C:\development\forensic_suite_v2\__pycache__\__init__.cpython-311.pyc","23/02/2026 12:32:44 PM","17/02/2026 6:04:45 PM","192","192","3A150F69BFFA76D8722B54E0DED64BB14A09AE408386D7295B34392DFDDD1F6C","3A150F69BFFA76D8722B54E0DED64BB14A09AE408386D7295B34392DFDDD1F6C"
".editorconfig","True","True","C:\development\forensic_tracer_installer_project_root\.editorconfig","C:\development\forensic_suite_v2\.editorconfig","23/02/2026 12:32:44 PM","22/02/2026 3:49:06 AM","2880","2992","B5672B896D75F6A3F64ED9606EF31B7AF2A33C81A6CFC7D687974B7E13DBCC10","F38C514A9C7B8E2FE3C5DADACFB66FE777250CA4D2C20C5570692DA5DFB47C02"
".env","True","True","C:\development\forensic_tracer_installer_project_root\.env","C:\development\forensic_suite_v2\.env","23/02/2026 12:32:44 PM","6/02/2026 7:03:01 PM","1143","1159","4F326B02C44CCAC4D4FDD2D880BF903587C4ECDAF183ECDB42EC5E012FFA9AE9","356C1D737A0BF5B95EB7856145559A2BEFEAC8681934FF37903DC4EDE657949E"
".flake8","True","True","C:\development\forensic_tracer_installer_project_root\.flake8","C:\development\forensic_suite_v2\.flake8","23/02/2026 12:32:44 PM","19/02/2026 4:16:44 AM","694","718","10A00EDDB4C9710DABF233E82D291438F6973B7D5E55D40EDAC8C5C94A6BE5A5","1284C20BA4C5A636B9B5CD331F54598F1D74C06FE772C7FC03CA49005DADECD0"
".forensic_suite.code-workspace","True","False","C:\development\forensic_tracer_installer_project_root\.forensic_suite.code-workspace",,"23/02/2026 12:32:44 PM",,"3521",,"0B0BC33631737C0939E031D9A6FAB0D60F04503EE32ECE18F1BC348615396C85",
".gitattributes","True","True","C:\development\forensic_tracer_installer_project_root\.gitattributes","C:\development\forensic_suite_v2\.gitattributes","23/02/2026 12:32:44 PM","22/02/2026 3:49:52 AM","2829","2907","24C0877ED8F578EA9E915F98C1590FAD49EBB3B78DF587A92E386F26888717CE","C7E2860CBDF567A8F5B2879F284723B2738B39D58EAF06290FB67594F0A09D37"
".github\workflows\ci.yml","True","True","C:\development\forensic_tracer_installer_project_root\.github\workflows\ci.yml","C:\development\forensic_suite_v2\.github\workflows\ci.yml","23/02/2026 12:32:44 PM","19/02/2026 4:15:40 AM","532","562","97D56B9E3A003A4B08443C542C94243A2AAB42C3C6F5F726CB0F7FC95A101D6A","CBDCF841789B0AF9315223ECE850F490047406FBE60804D5E896AF726FE62153"
".github\workflows\orchestrator-dryrun.yml","True","False","C:\development\forensic_tracer_installer_project_root\.github\workflows\orchestrator-dryrun.yml",,"23/02/2026 12:32:44 PM",,"838",,"A5CA265E4C2E67FB36ED2E77963BFD113E64E1A528FE8597DEB68240BC5F9047",
".github\workflows\release.yml","True","False","C:\development\forensic_tracer_installer_project_root\.github\workflows\release.yml",,"23/02/2026 12:32:44 PM",,"643",,"4584025A7310C565522D8BC65CC60BDCB2E6172ADC9A9582369360338B5BCEDD",
".gitignore","True","True","C:\development\forensic_tracer_installer_project_root\.gitignore","C:\development\forensic_suite_v2\.gitignore","23/02/2026 12:32:44 PM","22/02/2026 3:50:25 AM","1309","1035","E951AEFBAF8C31B3594EBC16273B688EA86112C493554FDBA76089A130D05014","7ACEBC2B5F2A6E3AD12F5D7034AA58CA6F1073F9121BDCBBB6C6DC01FE8990B8"
"Authoritative_Forensic_Suite_V2_Deployment_Tree_(Target Machine).md","True","False","C:\development\forensic_tracer_installer_project_root\Authoritative_Forensic_Suite_V2_Deployment_Tree_(Target Machine).md",,"24/02/2026 1:59:29 PM",,"5086",,"A5A90EAA0B437961BFC42FBF5DC816A9FFAF2AD284B3B83792CC5842963FD599",
"Auto-Deploy-Full.ps1","True","False","C:\development\forensic_tracer_installer_project_root\Auto-Deploy-Full.ps1",,"23/02/2026 12:32:44 PM",,"1608",,"FB8FA312C0B9659FC1C992CE9CE2EA52612A95279EACFACC50039796F1321723",
"bootstrap.ps1","True","False","C:\development\forensic_tracer_installer_project_root\bootstrap.ps1",,"23/02/2026 6:01:26 PM",,"1908",,"B7AB86750C8FE6F05FF1C25F0139E776B387C014836F64A123E87898D11594B0",
"build_and_deploy_all.ps1","False","True",,"C:\development\forensic_suite_v2\build_and_deploy_all.ps1",,"19/02/2026 3:28:44 PM",,"1069",,"5F5C571AB812FB2BCDBA10F59C568E761EC4A1396177F77DE1E2B1F5A9192A7E"
"build_and_deploy.ps1","True","False","C:\development\forensic_tracer_installer_project_root\build_and_deploy.ps1",,"24/02/2026 7:26:15 AM",,"4495",,"C8ED51ECBBD334C1B098497DF55EB5652392CB30FDDF8CE49E2CA7CE78098EC4",
"build_final.ps1","True","False","C:\development\forensic_tracer_installer_project_root\build_final.ps1",,"27/02/2026 8:41:14 AM",,"1632",,"D14A045A5555B74C85E3BC119B24A0AF95ADD45E9EBA41D062FC5411B21D7176",
"build.ps1","True","False","C:\development\forensic_tracer_installer_project_root\build.ps1",,"23/02/2026 12:32:44 PM",,"2663",,"C25DCC8F7E439CBE15817CA59DDBF9DFDB07C99DC3ECA8527EA9CE4EFF796FA6",
"chains.json","True","True","C:\development\forensic_tracer_installer_project_root\chains.json","C:\development\forensic_suite_v2\chains.json","23/02/2026 12:32:44 PM","19/02/2026 2:39:42 AM","414","433","67A1E0B7FF021F7603A7065A778AAA6BFABA673F4734B8E1A0361EA38A9A9113","9DF0EA14EE3DC58EC32790B78C3E0D1882D87770C4E261A97F656E4149889FBA"
"Confirming_that_files_are_updated_after_a_new_build_+_redeployment.md","True","False","C:\development\forensic_tracer_installer_project_root\Confirming_that_files_are_updated_after_a_new_build_+_redeployment.md",,"24/02/2026 1:58:42 PM",,"3982",,"BEDCC3A42AE98F5714B14EB21DCA154312D0EA29BB22A08B683FF71A848299C3",
"COPILOT_INSTRUCTIONS.md","True","True","C:\development\forensic_tracer_installer_project_root\COPILOT_INSTRUCTIONS.md","C:\development\forensic_suite_v2\COPILOT_INSTRUCTIONS.md","23/02/2026 12:32:44 PM","19/02/2026 2:45:21 AM","891","912","C7223AB7D8B2455B993B8DE0A3CE5E0E52175A0950A1A9AE8187D050BBAB68B5","78533976512729D11621BEA748CFC570F9DE47E587518A5AE5D03B41C3D6ED95"
"dashboards\orchestrator.html","True","False","C:\development\forensic_tracer_installer_project_root\dashboards\orchestrator.html",,"23/02/2026 12:32:44 PM",,"3352",,"5F61ACE10DEFFEED59C03E729E450EF32E1A7ADAB0444FF9AF3C60082CD8ED3B",
"deploy_suite.ps1","True","True","C:\development\forensic_tracer_installer_project_root\deploy_suite.ps1","C:\development\forensic_suite_v2\deploy_suite.ps1","24/02/2026 5:49:09 AM","19/02/2026 6:32:29 PM","3072","5531","AB949ECF11F3A2DBEE57ECE65C3A70E11F4908D5F457FB0A3ACAC4613F413399","01CBBA0B4A4BBEF5A8862184C4D1CB44876A01D4CEFDD20DE95922E7FDDD8ED5"
"DEVELOPER_ONBOARDING.md","True","True","C:\development\forensic_tracer_installer_project_root\DEVELOPER_ONBOARDING.md","C:\development\forensic_suite_v2\DEVELOPER_ONBOARDING.md","23/02/2026 12:32:44 PM","19/02/2026 2:56:39 AM","1627","1717","C5556744B4BDA3E56D436474124C9DE0FB1228BA3967C3D596C22703E8FBED8A","6DB0B001F6F6A160F5FB44B5322AE5A59034E0D4576FACA3D936DE8B8EC64A9B"
"Disable-Debug.ps1","True","False","C:\development\forensic_tracer_installer_project_root\Disable-Debug.ps1",,"23/02/2026 12:32:44 PM",,"1087",,"B5CDDF965174C5B8815528EF77839DC3C9BFF4403EC1C97B0FDFC5185C700527",
"dist\forensic_suite_v2-0.1.2-py3-none-any.whl","True","False","C:\development\forensic_tracer_installer_project_root\dist\forensic_suite_v2-0.1.2-py3-none-any.whl",,"26/02/2026 12:43:06 PM",,"1571108",,"58C799BA3FB183F73E8148E72EDB1431BADDDFC17D7DBC7C528FA0A5EB9138AB",
"dist\forensic_suite_v2-0.1.2.tar.gz","True","False","C:\development\forensic_tracer_installer_project_root\dist\forensic_suite_v2-0.1.2.tar.gz",,"26/02/2026 12:42:57 PM",,"1526679",,"6FD8C5216C0004E339F66F94EB5F97D901ACC89334D61115DFEB9BA0567608EF",
"dot_env.template","True","False","C:\development\forensic_tracer_installer_project_root\dot_env.template",,"23/02/2026 8:11:00 PM",,"403",,"F861E66B579519BEFEEE9E2B68D881F7C64F167854FB8F26D0DF906F2D07D894",
"env.json","True","False","C:\development\forensic_tracer_installer_project_root\env.json",,"25/02/2026 5:09:48 PM",,"1307",,"77E3D1B1FE18AAD146403ECB54B2241D5CDB978D308C3889CA606A1B1E55A62F",
"env.template.json","True","False","C:\development\forensic_tracer_installer_project_root\env.template.json",,"23/02/2026 6:24:46 PM",,"466",,"0CD51852A333EF1C00793584635A09E3645D23774EA2920438C1FFD8BAE6F842",
"Final_Authoritative_Folder_Tree_—_Target_Machine_After_Installation.md","True","False","C:\development\forensic_tracer_installer_project_root\Final_Authoritative_Folder_Tree_—_Target_Machine_After_Installation.md",,"24/02/2026 2:00:25 PM",,"5087",,"57CF0F6DEA7DF0A838596B2D6582E8D65E7136370267D54A0464302CDFC56AD8",
"Fix-Imports.ps1","True","False","C:\development\forensic_tracer_installer_project_root\Fix-Imports.ps1",,"23/02/2026 12:32:44 PM",,"2012",,"2185BD01E58BD1A5EBDD1129EDFB511C29B1279A0DF164DEC70511F01F21BC46",
"forensic_suite_development_folder_tree.txt","True","False","C:\development\forensic_tracer_installer_project_root\forensic_suite_development_folder_tree.txt",,"23/02/2026 12:32:44 PM",,"2732",,"84DCCA365E91DE044A23EC2018006C0C992933A567E878622AF2158C463A6D21",
"forensic_suite_v2.egg-info\dependency_links.txt","True","True","C:\development\forensic_tracer_installer_project_root\forensic_suite_v2.egg-info\dependency_links.txt","C:\development\forensic_suite_v2\forensic_suite_v2.egg-info\dependency_links.txt","27/02/2026 9:13:37 AM","19/02/2026 4:18:18 AM","1","1","01BA4719C80B6FE911B091A7C05124B64EEECE964E09C058EF8F9805DACA546B","01BA4719C80B6FE911B091A7C05124B64EEECE964E09C058EF8F9805DACA546B"
"forensic_suite_v2.egg-info\entry_points.txt","True","False","C:\development\forensic_tracer_installer_project_root\forensic_suite_v2.egg-info\entry_points.txt",,"27/02/2026 9:13:37 AM",,"832",,"99D1725215BBC4655A1E939ED49919B43CAC3635063E8A22F2244A7AD099E98B",
"forensic_suite_v2.egg-info\PKG-INFO","True","True","C:\development\forensic_tracer_installer_project_root\forensic_suite_v2.egg-info\PKG-INFO","C:\development\forensic_suite_v2\forensic_suite_v2.egg-info\PKG-INFO","27/02/2026 9:13:37 AM","19/02/2026 4:18:18 AM","2813","2517","0854FB94F3E310E7D924E519ED33259C5C19D95865EC8D9D5FE07D5941762590","B29517BCCDD7E75086EF6709D7F5C708EB16398371CF773F59376C6AEE391865"
"forensic_suite_v2.egg-info\requires.txt","True","True","C:\development\forensic_tracer_installer_project_root\forensic_suite_v2.egg-info\requires.txt","C:\development\forensic_suite_v2\forensic_suite_v2.egg-info\requires.txt","27/02/2026 9:13:37 AM","19/02/2026 4:18:18 AM","222","82","F0E86AEF603B2A9AAB8909018904C9DBD8D44532F433995797FEEE93DCF9F29C","7DD4F0E95FC56CDB01630E9E06A979A2D3FA16A504181EF6B2E8908FC2BD189F"
"forensic_suite_v2.egg-info\SOURCES.txt","True","True","C:\development\forensic_tracer_installer_project_root\forensic_suite_v2.egg-info\SOURCES.txt","C:\development\forensic_suite_v2\forensic_suite_v2.egg-info\SOURCES.txt","27/02/2026 9:13:37 AM","19/02/2026 4:24:48 AM","4683","1534","719007C0F615566F5021DAE7535AF74E637EE320117ABA40A025F40CBE83ACE0","BA232196F15896320F1BD4BC01CAF44CA94A0490EC1B9E0DCBEA4516E6E74C15"
"forensic_suite_v2.egg-info\top_level.txt","True","True","C:\development\forensic_tracer_installer_project_root\forensic_suite_v2.egg-info\top_level.txt","C:\development\forensic_suite_v2\forensic_suite_v2.egg-info\top_level.txt","27/02/2026 9:13:37 AM","19/02/2026 4:18:18 AM","18","107","AFAD5CEE48998617D3788CD9CCBB3754C6E0F2A284F657837917B7C13F43808E","B4F0F4BF2A68A084FEE682706F07D497462DE59480DFDD76DC284D0163EBC35A"
"forensic_suite_v2\__init__.py","True","True","C:\development\forensic_tracer_installer_project_root\forensic_suite_v2\__init__.py","C:\development\forensic_suite_v2\forensic_suite_v2\__init__.py","23/02/2026 12:32:44 PM","23/02/2026 12:32:44 PM","667","667","E4E31745B495860564317F27E650D7B7ADA101CC8AD2DCE2713D493B5A9440A5","E4E31745B495860564317F27E650D7B7ADA101CC8AD2DCE2713D493B5A9440A5"
"forensic_suite_v2\__pycache__\__init__.cpython-311.pyc","True","True","C:\development\forensic_tracer_installer_project_root\forensic_suite_v2\__pycache__\__init__.cpython-311.pyc","C:\development\forensic_suite_v2\forensic_suite_v2\__pycache__\__init__.cpython-311.pyc","23/02/2026 7:43:34 PM","23/02/2026 7:43:34 PM","964","964","E9695BA2EE2DCC86BFB6EC9D70791DC58CD833B1683162786E4F5593EBD32B1D","E9695BA2EE2DCC86BFB6EC9D70791DC58CD833B1683162786E4F5593EBD32B1D"
"forensic_suite_v2\btc_indexer\__init__.py","True","True","C:\development\forensic_tracer_installer_project_root\forensic_suite_v2\btc_indexer\__init__.py","C:\development\forensic_suite_v2\forensic_suite_v2\btc_indexer\__init__.py","23/02/2026 12:32:44 PM","23/02/2026 12:32:44 PM","0","0","E3B0C44298FC1C149AFBF4C8996FB92427AE41E4649B934CA495991B7852B855","E3B0C44298FC1C149AFBF4C8996FB92427AE41E4649B934CA495991B7852B855"
"forensic_suite_v2\btc_indexer\__pycache__\__init__.cpython-311.pyc","True","True","C:\development\forensic_tracer_installer_project_root\forensic_suite_v2\btc_indexer\__pycache__\__init__.cpython-311.pyc","C:\development\forensic_suite_v2\forensic_suite_v2\btc_indexer\__pycache__\__init__.cpython-311.pyc","23/02/2026 7:43:35 PM","23/02/2026 7:43:35 PM","204","204","21E984CF4C96DB7AA4CBA78807E17B01327A3DE4DB3C0CD3E9A28408882BFF93","21E984CF4C96DB7AA4CBA78807E17B01327A3DE4DB3C0CD3E9A28408882BFF93"
"forensic_suite_v2\btc_indexer\config\__init__.py","True","True","C:\development\forensic_tracer_installer_project_root\forensic_suite_v2\btc_indexer\config\__init__.py","C:\development\forensic_suite_v2\forensic_suite_v2\btc_indexer\config\__init__.py","23/02/2026 12:32:44 PM","23/02/2026 12:32:44 PM","0","0","E3B0C44298FC1C149AFBF4C8996FB92427AE41E4649B934CA495991B7852B855","E3B0C44298FC1C149AFBF4C8996FB92427AE41E4649B934CA495991B7852B855"
"forensic_suite_v2\btc_indexer\config\__pycache__\__init__.cpython-311.pyc","True","True","C:\development\forensic_tracer_installer_project_root\forensic_suite_v2\btc_indexer\config\__pycache__\__init__.cpython-311.pyc","C:\development\forensic_suite_v2\forensic_suite_v2\btc_indexer\config\__pycache__\__init__.cpython-311.pyc","23/02/2026 7:43:36 PM","23/02/2026 7:43:36 PM","211","211","89E4B6B1CE783FA893E07E1DD9A92F1B2ED29FD795D334F44889581811E72974","89E4B6B1CE783FA893E07E1DD9A92F1B2ED29FD795D334F44889581811E72974"
"forensic_suite_v2\btc_indexer\config\indexer.yaml","True","True","C:\development\forensic_tracer_installer_project_root\forensic_suite_v2\btc_indexer\config\indexer.yaml","C:\development\forensic_suite_v2\forensic_suite_v2\btc_indexer\config\indexer.yaml","23/02/2026 12:32:44 PM","23/02/2026 12:32:44 PM","908","908","B13CBB766597945264E5FDF1CC677F4AC14F994B460C3CD066A1AAD62EB3C7E1","B13CBB766597945264E5FDF1CC677F4AC14F994B460C3CD066A1AAD62EB3C7E1"
"forensic_suite_v2\btc_indexer\dashboard\__init__.py","True","True","C:\development\forensic_tracer_installer_project_root\forensic_suite_v2\btc_indexer\dashboard\__init__.py","C:\development\forensic_suite_v2\forensic_suite_v2\btc_indexer\dashboard\__init__.py","23/02/2026 12:32:44 PM","23/02/2026 12:32:44 PM","0","0","E3B0C44298FC1C149AFBF4C8996FB92427AE41E4649B934CA495991B7852B855","E3B0C44298FC1C149AFBF4C8996FB92427AE41E4649B934CA495991B7852B855"
"forensic_suite_v2\btc_indexer\dashboard\__pycache__\__init__.cpython-311.pyc","True","True","C:\development\forensic_tracer_installer_project_root\forensic_suite_v2\btc_indexer\dashboard\__pycache__\__init__.cpython-311.pyc","C:\development\forensic_suite_v2\forensic_suite_v2\btc_indexer\dashboard\__pycache__\__init__.cpython-311.pyc","23/02/2026 7:43:36 PM","23/02/2026 7:43:36 PM","214","214","443556F35EA7C0BBAA1DF243ADEC6E28D43069D3F7991EDFF107CBA378DDCCFD","443556F35EA7C0BBAA1DF243ADEC6E28D43069D3F7991EDFF107CBA378DDCCFD"
"forensic_suite_v2\btc_indexer\dashboard\__pycache__\btc_dashboard.cpython-311.pyc","True","True","C:\development\forensic_tracer_installer_project_root\forensic_suite_v2\btc_indexer\dashboard\__pycache__\btc_dashboard.cpython-311.pyc","C:\development\forensic_suite_v2\forensic_suite_v2\btc_indexer\dashboard\__pycache__\btc_dashboard.cpython-311.pyc","23/02/2026 7:43:36 PM","23/02/2026 7:43:36 PM","6389","6389","1639259E16AA559C903017B1F58CE8AC0318A12622273031B3037816DC0AE945","1639259E16AA559C903017B1F58CE8AC0318A12622273031B3037816DC0AE945"
"forensic_suite_v2\btc_indexer\dashboard\btc_dashboard.py","True","True","C:\development\forensic_tracer_installer_project_root\forensic_suite_v2\btc_indexer\dashboard\btc_dashboard.py","C:\development\forensic_suite_v2\forensic_suite_v2\btc_indexer\dashboard\btc_dashboard.py","23/02/2026 12:32:44 PM","23/02/2026 12:32:44 PM","3521","3521","2FACF28053580747105C3175687695836B77961C952C6A90C95621A693DB0EC3","2FACF28053580747105C3175687695836B77961C952C6A90C95621A693DB0EC3"
"forensic_suite_v2\btc_indexer\services\__pycache__\btc_indexer_service.cpython-311.pyc","True","True","C:\development\forensic_tracer_installer_project_root\forensic_suite_v2\btc_indexer\services\__pycache__\btc_indexer_service.cpython-311.pyc","C:\development\forensic_suite_v2\forensic_suite_v2\btc_indexer\services\__pycache__\btc_indexer_service.cpython-311.pyc","23/02/2026 7:43:35 PM","23/02/2026 7:43:35 PM","2726","2726","F8CE2976E804A37EEC6715DCEC100A2BF0530EAA0C1C8BFD88CBF2F012504965","F8CE2976E804A37EEC6715DCEC100A2BF0530EAA0C1C8BFD88CBF2F012504965"
"forensic_suite_v2\btc_indexer\services\__pycache__\run_btc_indexer_v2.cpython-311.pyc","True","True","C:\development\forensic_tracer_installer_project_root\forensic_suite_v2\btc_indexer\services\__pycache__\run_btc_indexer_v2.cpython-311.pyc","C:\development\forensic_suite_v2\forensic_suite_v2\btc_indexer\services\__pycache__\run_btc_indexer_v2.cpython-311.pyc","23/02/2026 8:30:56 PM","23/02/2026 8:30:56 PM","2851","2851","DA6AAE80A7530F910F620CEFE5D1FF743CF501D663749066B0D2ACFEFEA8C8A5","DA6AAE80A7530F910F620CEFE5D1FF743CF501D663749066B0D2ACFEFEA8C8A5"
"forensic_suite_v2\btc_indexer\services\block_scanner.py","True","True","C:\development\forensic_tracer_installer_project_root\forensic_suite_v2\btc_indexer\services\block_scanner.py","C:\development\forensic_suite_v2\forensic_suite_v2\btc_indexer\services\block_scanner.py","23/02/2026 12:32:44 PM","23/02/2026 12:32:44 PM","438","438","1FCC70E899FBA98DDBEE2FEA2A993BA2362D1B0E31F531C405CAE94F16361161","1FCC70E899FBA98DDBEE2FEA2A993BA2362D1B0E31F531C405CAE94F16361161"
"forensic_suite_v2\btc_indexer\services\btc_indexer_service.py","True","True","C:\development\forensic_tracer_installer_project_root\forensic_suite_v2\btc_indexer\services\btc_indexer_service.py","C:\development\forensic_suite_v2\forensic_suite_v2\btc_indexer\services\btc_indexer_service.py","23/02/2026 12:32:44 PM","23/02/2026 12:32:44 PM","977","977","2080BD7FA8F6E4B26D82B2C629B0CE302FC6D60C4F640116ACB6C5B5A45050F3","2080BD7FA8F6E4B26D82B2C629B0CE302FC6D60C4F640116ACB6C5B5A45050F3"
"forensic_suite_v2\btc_indexer\services\checkpoint.py","True","True","C:\development\forensic_tracer_installer_project_root\forensic_suite_v2\btc_indexer\services\checkpoint.py","C:\development\forensic_suite_v2\forensic_suite_v2\btc_indexer\services\checkpoint.py","23/02/2026 12:32:44 PM","23/02/2026 12:32:44 PM","698","698","918ED655B7A6244ED0A411D58066BBD888A03615A38F5CE9253488F5E32833AE","918ED655B7A6244ED0A411D58066BBD888A03615A38F5CE9253488F5E32833AE"
"forensic_suite_v2\btc_indexer\services\db_writer.py","True","True","C:\development\forensic_tracer_installer_project_root\forensic_suite_v2\btc_indexer\services\db_writer.py","C:\development\forensic_suite_v2\forensic_suite_v2\btc_indexer\services\db_writer.py","23/02/2026 12:32:44 PM","23/02/2026 12:32:44 PM","415","415","4E86F7827A77C944325B43F94F7752988D436A2666A7559D47182B58345BE590","4E86F7827A77C944325B43F94F7752988D436A2666A7559D47182B58345BE590"
"forensic_suite_v2\btc_indexer\services\receipt_worker.py","True","True","C:\development\forensic_tracer_installer_project_root\forensic_suite_v2\btc_indexer\services\receipt_worker.py","C:\development\forensic_suite_v2\forensic_suite_v2\btc_indexer\services\receipt_worker.py","23/02/2026 12:32:44 PM","23/02/2026 12:32:44 PM","249","249","A274B0DA3E555CD1986C1D0523B2C8097B81536EC63BD1CFF20E9832078AD7F0","A274B0DA3E555CD1986C1D0523B2C8097B81536EC63BD1CFF20E9832078AD7F0"
"forensic_suite_v2\btc_indexer\services\reorg_detector.py","True","True","C:\development\forensic_tracer_installer_project_root\forensic_suite_v2\btc_indexer\services\reorg_detector.py","C:\development\forensic_suite_v2\forensic_suite_v2\btc_indexer\services\reorg_detector.py","23/02/2026 12:32:44 PM","23/02/2026 12:32:44 PM","156","156","4491A8D8384B1C91BE8649DB5FF9C3D9F7E4C9FB2C509F9B3A37798BF857C749","4491A8D8384B1C91BE8649DB5FF9C3D9F7E4C9FB2C509F9B3A37798BF857C749"
"forensic_suite_v2\btc_indexer\services\run_btc_indexer_v2.py","True","True","C:\development\forensic_tracer_installer_project_root\forensic_suite_v2\btc_indexer\services\run_btc_indexer_v2.py","C:\development\forensic_suite_v2\forensic_suite_v2\btc_indexer\services\run_btc_indexer_v2.py","24/02/2026 5:59:35 PM","24/02/2026 5:59:35 PM","1465","1465","A9E9ADC043BA7F142F4B4A234462A923B8D0B55C4776E5924E54A58374CB298F","A9E9ADC043BA7F142F4B4A234462A923B8D0B55C4776E5924E54A58374CB298F"
"forensic_suite_v2\build.ps1","True","True","C:\development\forensic_tracer_installer_project_root\forensic_suite_v2\build.ps1","C:\development\forensic_suite_v2\forensic_suite_v2\build.ps1","23/02/2026 12:32:45 PM","23/02/2026 12:32:45 PM","358","358","BFD9C7C7FD4AD52B0771BD28E3B7E426BFD66877D0CA4364BDC9D914A173B9E8","BFD9C7C7FD4AD52B0771BD28E3B7E426BFD66877D0CA4364BDC9D914A173B9E8"
"forensic_suite_v2\cli\__init__.py","True","True","C:\development\forensic_tracer_installer_project_root\forensic_suite_v2\cli\__init__.py","C:\development\forensic_suite_v2\forensic_suite_v2\cli\__init__.py","23/02/2026 12:32:45 PM","23/02/2026 12:32:45 PM","0","0","E3B0C44298FC1C149AFBF4C8996FB92427AE41E4649B934CA495991B7852B855","E3B0C44298FC1C149AFBF4C8996FB92427AE41E4649B934CA495991B7852B855"
"forensic_suite_v2\cli\__main__.py","True","True","C:\development\forensic_tracer_installer_project_root\forensic_suite_v2\cli\__main__.py","C:\development\forensic_suite_v2\forensic_suite_v2\cli\__main__.py","24/02/2026 1:32:58 PM","24/02/2026 1:32:58 PM","3392","3392","563D0FDB9CBEE4101F0EF678D4F5C1C63F37722DE3B62F9031147B45C41FD52A","563D0FDB9CBEE4101F0EF678D4F5C1C63F37722DE3B62F9031147B45C41FD52A"
"forensic_suite_v2\cli\__pycache__\__init__.cpython-311.pyc","True","True","C:\development\forensic_tracer_installer_project_root\forensic_suite_v2\cli\__pycache__\__init__.cpython-311.pyc","C:\development\forensic_suite_v2\forensic_suite_v2\cli\__pycache__\__init__.cpython-311.pyc","23/02/2026 7:43:36 PM","23/02/2026 7:43:36 PM","196","196","17508FF324A5543B574C52B76EDA55FBB7858B8B5AE0C8696AE2B0AD7FB49A64","17508FF324A5543B574C52B76EDA55FBB7858B8B5AE0C8696AE2B0AD7FB49A64"
"forensic_suite_v2\cli\__pycache__\__main__.cpython-311.pyc","True","True","C:\development\forensic_tracer_installer_project_root\forensic_suite_v2\cli\__pycache__\__main__.cpython-311.pyc","C:\development\forensic_suite_v2\forensic_suite_v2\cli\__pycache__\__main__.cpython-311.pyc","23/02/2026 7:43:36 PM","23/02/2026 7:43:36 PM","4719","4719","C39D1DCFE8BEC8395A8C1A66EA9B89FBCD0D5E80887CDF9E2C2D0D8BB5872208","C39D1DCFE8BEC8395A8C1A66EA9B89FBCD0D5E80887CDF9E2C2D0D8BB5872208"
"forensic_suite_v2\cli\__pycache__\trace.cpython-311.pyc","True","True","C:\development\forensic_tracer_installer_project_root\forensic_suite_v2\cli\__pycache__\trace.cpython-311.pyc","C:\development\forensic_suite_v2\forensic_suite_v2\cli\__pycache__\trace.cpython-311.pyc","23/02/2026 7:43:36 PM","23/02/2026 7:43:36 PM","4716","4716","8BDDEE53B46473B43EAC86701C8578D173AFE6ABCC8F3F517BFA197BFE8E4212","8BDDEE53B46473B43EAC86701C8578D173AFE6ABCC8F3F517BFA197BFE8E4212"
"forensic_suite_v2\cli\trace.py","True","True","C:\development\forensic_tracer_installer_project_root\forensic_suite_v2\cli\trace.py","C:\development\forensic_suite_v2\forensic_suite_v2\cli\trace.py","23/02/2026 12:32:45 PM","23/02/2026 12:32:45 PM","2898","2898","DE0CA9F3F56A200CCA52C4733DB836A72CE702FEAC724BB21B9CE98C141A183F","DE0CA9F3F56A200CCA52C4733DB836A72CE702FEAC724BB21B9CE98C141A183F"
"forensic_suite_v2\config\__init__.py","True","True","C:\development\forensic_tracer_installer_project_root\forensic_suite_v2\config\__init__.py","C:\development\forensic_suite_v2\forensic_suite_v2\config\__init__.py","23/02/2026 12:32:45 PM","23/02/2026 12:32:45 PM","0","0","E3B0C44298FC1C149AFBF4C8996FB92427AE41E4649B934CA495991B7852B855","E3B0C44298FC1C149AFBF4C8996FB92427AE41E4649B934CA495991B7852B855"
"forensic_suite_v2\config\__pycache__\__init__.cpython-311.pyc","True","True","C:\development\forensic_tracer_installer_project_root\forensic_suite_v2\config\__pycache__\__init__.cpython-311.pyc","C:\development\forensic_suite_v2\forensic_suite_v2\config\__pycache__\__init__.cpython-311.pyc","23/02/2026 7:43:36 PM","23/02/2026 7:43:36 PM","199","199","D27AA0E90F4A296D9225746A1D27F97558C6449CA03D8A5ED507FF75A26F9E91","D27AA0E90F4A296D9225746A1D27F97558C6449CA03D8A5ED507FF75A26F9E91"
"forensic_suite_v2\config\indexer.yaml","True","True","C:\development\forensic_tracer_installer_project_root\forensic_suite_v2\config\indexer.yaml","C:\development\forensic_suite_v2\forensic_suite_v2\config\indexer.yaml","23/02/2026 12:32:45 PM","23/02/2026 12:32:45 PM","1160","1160","8C52AD47D61F2CBC124B32F9395DDE237C3D1D259DA6490C1D462055C9F01E07","8C52AD47D61F2CBC124B32F9395DDE237C3D1D259DA6490C1D462055C9F01E07"
"forensic_suite_v2\config\tracer_v2.yaml","True","True","C:\development\forensic_tracer_installer_project_root\forensic_suite_v2\config\tracer_v2.yaml","C:\development\forensic_suite_v2\forensic_suite_v2\config\tracer_v2.yaml","23/02/2026 12:32:45 PM","23/02/2026 12:32:45 PM","1077","1077","94A72FEF033AAAA3949BDCF941E3C00D826B3AEBCA56D6EA3AAAB4521A172CF1","94A72FEF033AAAA3949BDCF941E3C00D826B3AEBCA56D6EA3AAAB4521A172CF1"
"forensic_suite_v2\core\__init__.py","True","True","C:\development\forensic_tracer_installer_project_root\forensic_suite_v2\core\__init__.py","C:\development\forensic_suite_v2\forensic_suite_v2\core\__init__.py","23/02/2026 12:32:45 PM","23/02/2026 12:32:45 PM","0","0","E3B0C44298FC1C149AFBF4C8996FB92427AE41E4649B934CA495991B7852B855","E3B0C44298FC1C149AFBF4C8996FB92427AE41E4649B934CA495991B7852B855"
"forensic_suite_v2\core\__pycache__\__init__.cpython-311.pyc","True","True","C:\development\forensic_tracer_installer_project_root\forensic_suite_v2\core\__pycache__\__init__.cpython-311.pyc","C:\development\forensic_suite_v2\forensic_suite_v2\core\__pycache__\__init__.cpython-311.pyc","23/02/2026 7:43:34 PM","23/02/2026 7:43:34 PM","197","197","85A701CDBC96EEE65DB40F66D2EFF989A4FBB1413C2C30EEED42310C3F632C28","85A701CDBC96EEE65DB40F66D2EFF989A4FBB1413C2C30EEED42310C3F632C28"
"forensic_suite_v2\core\__pycache__\engine.cpython-311.pyc","True","True","C:\development\forensic_tracer_installer_project_root\forensic_suite_v2\core\__pycache__\engine.cpython-311.pyc","C:\development\forensic_suite_v2\forensic_suite_v2\core\__pycache__\engine.cpython-311.pyc","23/02/2026 7:43:34 PM","23/02/2026 7:43:34 PM","1848","1848","32F5645099A78878B7B8921E147F0EBBB7E5ADA02CA71BA95FAE261292594783","32F5645099A78878B7B8921E147F0EBBB7E5ADA02CA71BA95FAE261292594783"
"forensic_suite_v2\core\__pycache__\indexer_engine.cpython-311.pyc","True","True","C:\development\forensic_tracer_installer_project_root\forensic_suite_v2\core\__pycache__\indexer_engine.cpython-311.pyc","C:\development\forensic_suite_v2\forensic_suite_v2\core\__pycache__\indexer_engine.cpython-311.pyc","23/02/2026 7:43:34 PM","23/02/2026 7:43:34 PM","9924","9924","6A43E93FE548EAE79B12F3BE77F10B3A547E44BD75F9C069B2E047093CF9686F","6A43E93FE548EAE79B12F3BE77F10B3A547E44BD75F9C069B2E047093CF9686F"
"forensic_suite_v2\core\__pycache__\logging.cpython-311.pyc","True","True","C:\development\forensic_tracer_installer_project_root\forensic_suite_v2\core\__pycache__\logging.cpython-311.pyc","C:\development\forensic_suite_v2\forensic_suite_v2\core\__pycache__\logging.cpython-311.pyc","23/02/2026 7:43:34 PM","23/02/2026 7:43:34 PM","2031","2031","AD2842549DC25F097660B99FA691635FBB35E282AD7CE5308055A88498904D24","AD2842549DC25F097660B99FA691635FBB35E282AD7CE5308055A88498904D24"
"forensic_suite_v2\core\__pycache__\orchestrator.cpython-311.pyc","True","True","C:\development\forensic_tracer_installer_project_root\forensic_suite_v2\core\__pycache__\orchestrator.cpython-311.pyc","C:\development\forensic_suite_v2\forensic_suite_v2\core\__pycache__\orchestrator.cpython-311.pyc","23/02/2026 7:43:36 PM","23/02/2026 7:43:36 PM","7050","7050","565142B6D4FFFA65FE0C2CBEADB43448F7CC24998DE540B1C11D3C4CEAB8BA14","565142B6D4FFFA65FE0C2CBEADB43448F7CC24998DE540B1C11D3C4CEAB8BA14"
"forensic_suite_v2\core\__pycache__\plugin_loader.cpython-311.pyc","True","True","C:\development\forensic_tracer_installer_project_root\forensic_suite_v2\core\__pycache__\plugin_loader.cpython-311.pyc","C:\development\forensic_suite_v2\forensic_suite_v2\core\__pycache__\plugin_loader.cpython-311.pyc","23/02/2026 7:43:34 PM","23/02/2026 7:43:34 PM","1459","1459","C37F5C82F7FDE0BC117B1B179E0AD8A0C0DB541B2419ADF1B4097F0BC3F4ED79","C37F5C82F7FDE0BC117B1B179E0AD8A0C0DB541B2419ADF1B4097F0BC3F4ED79"
"forensic_suite_v2\core\__pycache__\schema_validator.cpython-311.pyc","True","True","C:\development\forensic_tracer_installer_project_root\forensic_suite_v2\core\__pycache__\schema_validator.cpython-311.pyc","C:\development\forensic_suite_v2\forensic_suite_v2\core\__pycache__\schema_validator.cpython-311.pyc","23/02/2026 7:43:35 PM","23/02/2026 7:43:35 PM","5463","5463","580D841B1A5AC1F10D11B1012864CCC2530DD4F0668F6E331E218A748C370FF5","580D841B1A5AC1F10D11B1012864CCC2530DD4F0668F6E331E218A748C370FF5"
"forensic_suite_v2\core\__pycache__\trace_engine.cpython-311.pyc","True","True","C:\development\forensic_tracer_installer_project_root\forensic_suite_v2\core\__pycache__\trace_engine.cpython-311.pyc","C:\development\forensic_suite_v2\forensic_suite_v2\core\__pycache__\trace_engine.cpython-311.pyc","23/02/2026 7:43:36 PM","23/02/2026 7:43:36 PM","9482","9482","C659BCA0B9089D530938508941076D0FF58C9D39C1240803E40F06C3ECB2BAEF","C659BCA0B9089D530938508941076D0FF58C9D39C1240803E40F06C3ECB2BAEF"
"forensic_suite_v2\core\engine.py","True","True","C:\development\forensic_tracer_installer_project_root\forensic_suite_v2\core\engine.py","C:\development\forensic_suite_v2\forensic_suite_v2\core\engine.py","23/02/2026 12:32:45 PM","23/02/2026 12:32:45 PM","920","920","1B0D0AB73B49806F725ACD5DE98C096EDBBF1F1616307123CFC5F5B8D7AF8820","1B0D0AB73B49806F725ACD5DE98C096EDBBF1F1616307123CFC5F5B8D7AF8820"
"forensic_suite_v2\core\indexer_engine.py","True","True","C:\development\forensic_tracer_installer_project_root\forensic_suite_v2\core\indexer_engine.py","C:\development\forensic_suite_v2\forensic_suite_v2\core\indexer_engine.py","23/02/2026 12:32:45 PM","23/02/2026 12:32:45 PM","6286","6286","36D4FF9443BF32AA0D73C1F272E7464852E362F6B693B86E6908A05B5234BA06","36D4FF9443BF32AA0D73C1F272E7464852E362F6B693B86E6908A05B5234BA06"
"forensic_suite_v2\core\logging.py","True","True","C:\development\forensic_tracer_installer_project_root\forensic_suite_v2\core\logging.py","C:\development\forensic_suite_v2\forensic_suite_v2\core\logging.py","23/02/2026 12:32:45 PM","23/02/2026 12:32:45 PM","890","890","20D3954D8A2DD644C8CA018E7928BADF79C44CF5CA39DEA12510FC922B56B6CD","20D3954D8A2DD644C8CA018E7928BADF79C44CF5CA39DEA12510FC922B56B6CD"
"forensic_suite_v2\core\orchestrator.py","True","True","C:\development\forensic_tracer_installer_project_root\forensic_suite_v2\core\orchestrator.py","C:\development\forensic_suite_v2\forensic_suite_v2\core\orchestrator.py","23/02/2026 12:32:45 PM","23/02/2026 12:32:45 PM","4427","4427","B7BB557CB14948324D12B6EFEEAA795CA3F897A2469212AB74E7424ECCC65262","B7BB557CB14948324D12B6EFEEAA795CA3F897A2469212AB74E7424ECCC65262"
"forensic_suite_v2\core\plugin_loader.py","True","True","C:\development\forensic_tracer_installer_project_root\forensic_suite_v2\core\plugin_loader.py","C:\development\forensic_suite_v2\forensic_suite_v2\core\plugin_loader.py","23/02/2026 12:32:45 PM","23/02/2026 12:32:45 PM","779","779","5BC236D533636DEC06F2F20AC1A2DA368E47B7C5BAF2FD67ED04F3E52677F986","5BC236D533636DEC06F2F20AC1A2DA368E47B7C5BAF2FD67ED04F3E52677F986"
"forensic_suite_v2\core\schema_validator.py","True","True","C:\development\forensic_tracer_installer_project_root\forensic_suite_v2\core\schema_validator.py","C:\development\forensic_suite_v2\forensic_suite_v2\core\schema_validator.py","23/02/2026 12:32:45 PM","23/02/2026 12:32:45 PM","4324","4324","A6A61449DC68C3E94A890F413B7B412D89830F24A3981090621C9C4946A0A59C","A6A61449DC68C3E94A890F413B7B412D89830F24A3981090621C9C4946A0A59C"
"forensic_suite_v2\core\trace_engine.py","True","True","C:\development\forensic_tracer_installer_project_root\forensic_suite_v2\core\trace_engine.py","C:\development\forensic_suite_v2\forensic_suite_v2\core\trace_engine.py","23/02/2026 12:32:45 PM","23/02/2026 12:32:45 PM","6727","6727","4518803E0DB8311E120E1BFCCD112A3CFB5A74A4B67B3B330778880A790E18E7","4518803E0DB8311E120E1BFCCD112A3CFB5A74A4B67B3B330778880A790E18E7"
"forensic_suite_v2\dashboards\__init__.py","True","True","C:\development\forensic_tracer_installer_project_root\forensic_suite_v2\dashboards\__init__.py","C:\development\forensic_suite_v2\forensic_suite_v2\dashboards\__init__.py","23/02/2026 12:32:45 PM","23/02/2026 12:32:45 PM","0","0","E3B0C44298FC1C149AFBF4C8996FB92427AE41E4649B934CA495991B7852B855","E3B0C44298FC1C149AFBF4C8996FB92427AE41E4649B934CA495991B7852B855"
"forensic_suite_v2\dashboards\__pycache__\__init__.cpython-311.pyc","True","True","C:\development\forensic_tracer_installer_project_root\forensic_suite_v2\dashboards\__pycache__\__init__.cpython-311.pyc","C:\development\forensic_suite_v2\forensic_suite_v2\dashboards\__pycache__\__init__.cpython-311.pyc","23/02/2026 7:43:36 PM","23/02/2026 7:43:36 PM","203","203","2B3DABA6783AEBBCC83052C29F77F95F7CE152D9DAF6AF71206CAD03923DA064","2B3DABA6783AEBBCC83052C29F77F95F7CE152D9DAF6AF71206CAD03923DA064"
"forensic_suite_v2\dashboards\__pycache__\multi_chain_dashboard.cpython-311.pyc","True","True","C:\development\forensic_tracer_installer_project_root\forensic_suite_v2\dashboards\__pycache__\multi_chain_dashboard.cpython-311.pyc","C:\development\forensic_suite_v2\forensic_suite_v2\dashboards\__pycache__\multi_chain_dashboard.cpython-311.pyc","23/02/2026 7:43:36 PM","23/02/2026 7:43:36 PM","8836","8836","65E88EA66E74507D0FFB1B0D8A439D99BCA37C8F23035A77419B650B4AB4F16B","65E88EA66E74507D0FFB1B0D8A439D99BCA37C8F23035A77419B650B4AB4F16B"
"forensic_suite_v2\dashboards\btc_dashboard.ps1","True","True","C:\development\forensic_tracer_installer_project_root\forensic_suite_v2\dashboards\btc_dashboard.ps1","C:\development\forensic_suite_v2\forensic_suite_v2\dashboards\btc_dashboard.ps1","23/02/2026 12:32:45 PM","23/02/2026 12:32:45 PM","3503","3503","C15F39B9B8B6F3CB2A50C8F2A79A9A591CAA43556810577CD82E311AC393C5C3","C15F39B9B8B6F3CB2A50C8F2A79A9A591CAA43556810577CD82E311AC393C5C3"
"forensic_suite_v2\dashboards\eth_dashboard.ps1","True","True","C:\development\forensic_tracer_installer_project_root\forensic_suite_v2\dashboards\eth_dashboard.ps1","C:\development\forensic_suite_v2\forensic_suite_v2\dashboards\eth_dashboard.ps1","23/02/2026 12:32:45 PM","23/02/2026 12:32:45 PM","2964","2964","C859C965AA8E2CDEA913EE1A8A6A1A0AD81682F4C131D596A0B6BB0D73A41BEC","C859C965AA8E2CDEA913EE1A8A6A1A0AD81682F4C131D596A0B6BB0D73A41BEC"
"forensic_suite_v2\dashboards\grafana_btc_eth_tron_v2.json","True","True","C:\development\forensic_tracer_installer_project_root\forensic_suite_v2\dashboards\grafana_btc_eth_tron_v2.json","C:\development\forensic_suite_v2\forensic_suite_v2\dashboards\grafana_btc_eth_tron_v2.json","23/02/2026 12:32:45 PM","23/02/2026 12:32:45 PM","1362","1362","ECEA20E12F4EFF860EC410110549DB6AE8B317EE29D14C7BDEA179B33D194E91","ECEA20E12F4EFF860EC410110549DB6AE8B317EE29D14C7BDEA179B33D194E91"
"forensic_suite_v2\dashboards\grafana_forensic_cockpit_v2.json","True","True","C:\development\forensic_tracer_installer_project_root\forensic_suite_v2\dashboards\grafana_forensic_cockpit_v2.json","C:\development\forensic_suite_v2\forensic_suite_v2\dashboards\grafana_forensic_cockpit_v2.json","23/02/2026 12:32:45 PM","23/02/2026 12:32:45 PM","12124","12124","30BF94EB80CB1F3C983B010DB483E178C236BF159BC1DB976D7C45CD7C2E7EEF","30BF94EB80CB1F3C983B010DB483E178C236BF159BC1DB976D7C45CD7C2E7EEF"
"forensic_suite_v2\dashboards\multi_chain_dashboard.ps1","True","True","C:\development\forensic_tracer_installer_project_root\forensic_suite_v2\dashboards\multi_chain_dashboard.ps1","C:\development\forensic_suite_v2\forensic_suite_v2\dashboards\multi_chain_dashboard.ps1","23/02/2026 12:32:45 PM","23/02/2026 12:32:45 PM","1595","1595","50F35A58D1E71A9EA6ED49076717F691FEB300172F465254C649153E032C0550","50F35A58D1E71A9EA6ED49076717F691FEB300172F465254C649153E032C0550"
"forensic_suite_v2\dashboards\multi_chain_dashboard.py","True","True","C:\development\forensic_tracer_installer_project_root\forensic_suite_v2\dashboards\multi_chain_dashboard.py","C:\development\forensic_suite_v2\forensic_suite_v2\dashboards\multi_chain_dashboard.py","23/02/2026 12:32:45 PM","23/02/2026 12:32:45 PM","4972","4972","FF958A7E70583A95B8D04353E5678B8B919B9B25189850ABA1D7E5BDD0526402","FF958A7E70583A95B8D04353E5678B8B919B9B25189850ABA1D7E5BDD0526402"
"forensic_suite_v2\dashboards\tron_dashboard.ps1","True","True","C:\development\forensic_tracer_installer_project_root\forensic_suite_v2\dashboards\tron_dashboard.ps1","C:\development\forensic_suite_v2\forensic_suite_v2\dashboards\tron_dashboard.ps1","23/02/2026 12:32:45 PM","23/02/2026 12:32:45 PM","2966","2966","D18055D68CA17D3E5B0442F26CF40EF22041F36413CB1F5FF58C5363475E5EBA","D18055D68CA17D3E5B0442F26CF40EF22041F36413CB1F5FF58C5363475E5EBA"
"forensic_suite_v2\eth_indexer\__init__.py","True","True","C:\development\forensic_tracer_installer_project_root\forensic_suite_v2\eth_indexer\__init__.py","C:\development\forensic_suite_v2\forensic_suite_v2\eth_indexer\__init__.py","23/02/2026 12:32:45 PM","23/02/2026 12:32:45 PM","0","0","E3B0C44298FC1C149AFBF4C8996FB92427AE41E4649B934CA495991B7852B855","E3B0C44298FC1C149AFBF4C8996FB92427AE41E4649B934CA495991B7852B855"
"forensic_suite_v2\eth_indexer\__pycache__\__init__.cpython-311.pyc","True","True","C:\development\forensic_tracer_installer_project_root\forensic_suite_v2\eth_indexer\__pycache__\__init__.cpython-311.pyc","C:\development\forensic_suite_v2\forensic_suite_v2\eth_indexer\__pycache__\__init__.cpython-311.pyc","23/02/2026 7:43:36 PM","23/02/2026 7:43:36 PM","204","204","B706BFB98328B87CAABACA9429D1B28983F960730BF00F10812FB11E14BB06FA","B706BFB98328B87CAABACA9429D1B28983F960730BF00F10812FB11E14BB06FA"
"forensic_suite_v2\eth_indexer\config\__init__.py","True","True","C:\development\forensic_tracer_installer_project_root\forensic_suite_v2\eth_indexer\config\__init__.py","C:\development\forensic_suite_v2\forensic_suite_v2\eth_indexer\config\__init__.py","23/02/2026 12:32:45 PM","23/02/2026 12:32:45 PM","0","0","E3B0C44298FC1C149AFBF4C8996FB92427AE41E4649B934CA495991B7852B855","E3B0C44298FC1C149AFBF4C8996FB92427AE41E4649B934CA495991B7852B855"
"forensic_suite_v2\eth_indexer\config\__pycache__\__init__.cpython-311.pyc","True","True","C:\development\forensic_tracer_installer_project_root\forensic_suite_v2\eth_indexer\config\__pycache__\__init__.cpython-311.pyc","C:\development\forensic_suite_v2\forensic_suite_v2\eth_indexer\config\__pycache__\__init__.cpython-311.pyc","23/02/2026 7:43:36 PM","23/02/2026 7:43:36 PM","211","211","47BEF37A5AF802D877F91C78C3735FC74A8143C554E5CC7908CF9D9ACEC138AA","47BEF37A5AF802D877F91C78C3735FC74A8143C554E5CC7908CF9D9ACEC138AA"
"forensic_suite_v2\eth_indexer\config\indexer.yaml","True","True","C:\development\forensic_tracer_installer_project_root\forensic_suite_v2\eth_indexer\config\indexer.yaml","C:\development\forensic_suite_v2\forensic_suite_v2\eth_indexer\config\indexer.yaml","23/02/2026 12:32:45 PM","23/02/2026 12:32:45 PM","417","417","C830A0932582B43EA25C770E81F57E1623A7722A48C0FE1E788D1F40CEFE1E6B","C830A0932582B43EA25C770E81F57E1623A7722A48C0FE1E788D1F40CEFE1E6B"
"forensic_suite_v2\eth_indexer\dashboard\__init__.py","True","True","C:\development\forensic_tracer_installer_project_root\forensic_suite_v2\eth_indexer\dashboard\__init__.py","C:\development\forensic_suite_v2\forensic_suite_v2\eth_indexer\dashboard\__init__.py","23/02/2026 12:32:45 PM","23/02/2026 12:32:45 PM","0","0","E3B0C44298FC1C149AFBF4C8996FB92427AE41E4649B934CA495991B7852B855","E3B0C44298FC1C149AFBF4C8996FB92427AE41E4649B934CA495991B7852B855"
"forensic_suite_v2\eth_indexer\dashboard\__pycache__\__init__.cpython-311.pyc","True","True","C:\development\forensic_tracer_installer_project_root\forensic_suite_v2\eth_indexer\dashboard\__pycache__\__init__.cpython-311.pyc","C:\development\forensic_suite_v2\forensic_suite_v2\eth_indexer\dashboard\__pycache__\__init__.cpython-311.pyc","23/02/2026 7:43:36 PM","23/02/2026 7:43:36 PM","214","214","0986B257F52475245192F4CE0496D0D46380518D283EBBA99ABD28D2FB32471B","0986B257F52475245192F4CE0496D0D46380518D283EBBA99ABD28D2FB32471B"
"forensic_suite_v2\eth_indexer\dashboard\__pycache__\eth_dashboard.cpython-311.pyc","True","True","C:\development\forensic_tracer_installer_project_root\forensic_suite_v2\eth_indexer\dashboard\__pycache__\eth_dashboard.cpython-311.pyc","C:\development\forensic_suite_v2\forensic_suite_v2\eth_indexer\dashboard\__pycache__\eth_dashboard.cpython-311.pyc","23/02/2026 7:43:36 PM","23/02/2026 7:43:36 PM","6386","6386","345063947AC4E002028923C9DDEDD98E2D9AE7126DD30BA0AE3E8667497521D0","345063947AC4E002028923C9DDEDD98E2D9AE7126DD30BA0AE3E8667497521D0"
"forensic_suite_v2\eth_indexer\dashboard\eth_dashboard.ps1","True","True","C:\development\forensic_tracer_installer_project_root\forensic_suite_v2\eth_indexer\dashboard\eth_dashboard.ps1","C:\development\forensic_suite_v2\forensic_suite_v2\eth_indexer\dashboard\eth_dashboard.ps1","23/02/2026 12:32:45 PM","23/02/2026 12:32:45 PM","1234","1234","10883445DCBE79F1E9C788EAD26B206E4E51CD4221DF9A971A6E224288C634D7","10883445DCBE79F1E9C788EAD26B206E4E51CD4221DF9A971A6E224288C634D7"
"forensic_suite_v2\eth_indexer\dashboard\eth_dashboard.py","True","True","C:\development\forensic_tracer_installer_project_root\forensic_suite_v2\eth_indexer\dashboard\eth_dashboard.py","C:\development\forensic_suite_v2\forensic_suite_v2\eth_indexer\dashboard\eth_dashboard.py","23/02/2026 12:32:45 PM","23/02/2026 12:32:45 PM","3518","3518","2103270279C6502B23D6FE2709ED0948847451C172D855C3C1DC7D2781A0690F","2103270279C6502B23D6FE2709ED0948847451C172D855C3C1DC7D2781A0690F"
"forensic_suite_v2\eth_indexer\eth_checkpoint.json","True","True","C:\development\forensic_tracer_installer_project_root\forensic_suite_v2\eth_indexer\eth_checkpoint.json","C:\development\forensic_suite_v2\forensic_suite_v2\eth_indexer\eth_checkpoint.json","23/02/2026 12:32:45 PM","23/02/2026 12:32:45 PM","20","20","9F108862ED28E44BEF61EF99AFFF69F04AA8BF8394443B1BAE935AC17FC2C50E","9F108862ED28E44BEF61EF99AFFF69F04AA8BF8394443B1BAE935AC17FC2C50E"
"forensic_suite_v2\eth_indexer\services\__init__.py","True","True","C:\development\forensic_tracer_installer_project_root\forensic_suite_v2\eth_indexer\services\__init__.py","C:\development\forensic_suite_v2\forensic_suite_v2\eth_indexer\services\__init__.py","23/02/2026 12:32:45 PM","23/02/2026 12:32:45 PM","0","0","E3B0C44298FC1C149AFBF4C8996FB92427AE41E4649B934CA495991B7852B855","E3B0C44298FC1C149AFBF4C8996FB92427AE41E4649B934CA495991B7852B855"
"forensic_suite_v2\eth_indexer\services\__pycache__\__init__.cpython-311.pyc","True","True","C:\development\forensic_tracer_installer_project_root\forensic_suite_v2\eth_indexer\services\__pycache__\__init__.cpython-311.pyc","C:\development\forensic_suite_v2\forensic_suite_v2\eth_indexer\services\__pycache__\__init__.cpython-311.pyc","23/02/2026 7:43:36 PM","23/02/2026 7:43:36 PM","213","213","5EE35EE8BCFC41DF6399EC89BB586C761A030F527D48F1F688564B1C6CD08C53","5EE35EE8BCFC41DF6399EC89BB586C761A030F527D48F1F688564B1C6CD08C53"
"forensic_suite_v2\eth_indexer\services\__pycache__\block_scanner.cpython-311.pyc","True","True","C:\development\forensic_tracer_installer_project_root\forensic_suite_v2\eth_indexer\services\__pycache__\block_scanner.cpython-311.pyc","C:\development\forensic_suite_v2\forensic_suite_v2\eth_indexer\services\__pycache__\block_scanner.cpython-311.pyc","23/02/2026 7:43:36 PM","23/02/2026 7:43:36 PM","1837","1837","A15D76701540E9E3236949361EDE04C31E1EE9814FB1EFB8F6EAFC968CD4931E","A15D76701540E9E3236949361EDE04C31E1EE9814FB1EFB8F6EAFC968CD4931E"
"forensic_suite_v2\eth_indexer\services\__pycache__\checkpoint.cpython-311.pyc","True","True","C:\development\forensic_tracer_installer_project_root\forensic_suite_v2\eth_indexer\services\__pycache__\checkpoint.cpython-311.pyc","C:\development\forensic_suite_v2\forensic_suite_v2\eth_indexer\services\__pycache__\checkpoint.cpython-311.pyc","23/02/2026 7:43:36 PM","23/02/2026 7:43:36 PM","2187","2187","5996F65004D910790127ADDC083633E4EA7FD18B541A058EFC63809AEC453E67","5996F65004D910790127ADDC083633E4EA7FD18B541A058EFC63809AEC453E67"
"forensic_suite_v2\eth_indexer\services\__pycache__\db_writer.cpython-311.pyc","True","True","C:\development\forensic_tracer_installer_project_root\forensic_suite_v2\eth_indexer\services\__pycache__\db_writer.cpython-311.pyc","C:\development\forensic_suite_v2\forensic_suite_v2\eth_indexer\services\__pycache__\db_writer.cpython-311.pyc","23/02/2026 7:43:36 PM","23/02/2026 7:43:36 PM","1619","1619","432D82424E76C9F584047E54AC49D7F6AB2B907CF291135AD07FA30D7D9827CF","432D82424E76C9F584047E54AC49D7F6AB2B907CF291135AD07FA30D7D9827CF"
"forensic_suite_v2\eth_indexer\services\__pycache__\eth_indexer_service.cpython-311.pyc","True","True","C:\development\forensic_tracer_installer_project_root\forensic_suite_v2\eth_indexer\services\__pycache__\eth_indexer_service.cpython-311.pyc","C:\development\forensic_suite_v2\forensic_suite_v2\eth_indexer\services\__pycache__\eth_indexer_service.cpython-311.pyc","23/02/2026 7:43:36 PM","23/02/2026 7:43:36 PM","2726","2726","FE81EED58FA0414113FC96F609E1F80B13CBDBD6D14EDD65E88C899229D95B22","FE81EED58FA0414113FC96F609E1F80B13CBDBD6D14EDD65E88C899229D95B22"
"forensic_suite_v2\eth_indexer\services\__pycache__\receipt_worker.cpython-311.pyc","True","True","C:\development\forensic_tracer_installer_project_root\forensic_suite_v2\eth_indexer\services\__pycache__\receipt_worker.cpython-311.pyc","C:\development\forensic_suite_v2\forensic_suite_v2\eth_indexer\services\__pycache__\receipt_worker.cpython-311.pyc","23/02/2026 7:43:36 PM","23/02/2026 7:43:36 PM","1102","1102","CDCD1E5DC789254F2EBC92FFC1E6EE901E79AAFE348886A449E214C0D759D0AA","CDCD1E5DC789254F2EBC92FFC1E6EE901E79AAFE348886A449E214C0D759D0AA"
"forensic_suite_v2\eth_indexer\services\__pycache__\reorg_detector.cpython-311.pyc","True","True","C:\development\forensic_tracer_installer_project_root\forensic_suite_v2\eth_indexer\services\__pycache__\reorg_detector.cpython-311.pyc","C:\development\forensic_suite_v2\forensic_suite_v2\eth_indexer\services\__pycache__\reorg_detector.cpython-311.pyc","23/02/2026 7:43:36 PM","23/02/2026 7:43:36 PM","818","818","B7A6049BC846A9672F0F2EDC5ED136C47EF98F7100618A3D145D88E4BEF108E3","B7A6049BC846A9672F0F2EDC5ED136C47EF98F7100618A3D145D88E4BEF108E3"
"forensic_suite_v2\eth_indexer\services\__pycache__\run_eth_indexer_v2.cpython-311.pyc","True","True","C:\development\forensic_tracer_installer_project_root\forensic_suite_v2\eth_indexer\services\__pycache__\run_eth_indexer_v2.cpython-311.pyc","C:\development\forensic_suite_v2\forensic_suite_v2\eth_indexer\services\__pycache__\run_eth_indexer_v2.cpython-311.pyc","23/02/2026 8:30:56 PM","23/02/2026 8:30:56 PM","3104","3104","70DF28C5238FC230E016FC8F48B8CDF2F0D60FEEAA293F4C95F187EE09F16E5E","70DF28C5238FC230E016FC8F48B8CDF2F0D60FEEAA293F4C95F187EE09F16E5E"
"forensic_suite_v2\eth_indexer\services\block_scanner.py","True","True","C:\development\forensic_tracer_installer_project_root\forensic_suite_v2\eth_indexer\services\block_scanner.py","C:\development\forensic_suite_v2\forensic_suite_v2\eth_indexer\services\block_scanner.py","23/02/2026 12:32:45 PM","23/02/2026 12:32:45 PM","479","479","688AAF2C9A98B37A1EBF63E6D8153A37F03014E3A477BA076B3BD8D3948B2FF9","688AAF2C9A98B37A1EBF63E6D8153A37F03014E3A477BA076B3BD8D3948B2FF9"
"forensic_suite_v2\eth_indexer\services\checkpoint.py","True","True","C:\development\forensic_tracer_installer_project_root\forensic_suite_v2\eth_indexer\services\checkpoint.py","C:\development\forensic_suite_v2\forensic_suite_v2\eth_indexer\services\checkpoint.py","23/02/2026 12:32:45 PM","23/02/2026 12:32:45 PM","698","698","4FEF655FF2D014EC83B208EBC771D2E02EC42BD1A0AF86DEA630E1F3A754A158","4FEF655FF2D014EC83B208EBC771D2E02EC42BD1A0AF86DEA630E1F3A754A158"
"forensic_suite_v2\eth_indexer\services\db_writer.py","True","True","C:\development\forensic_tracer_installer_project_root\forensic_suite_v2\eth_indexer\services\db_writer.py","C:\development\forensic_suite_v2\forensic_suite_v2\eth_indexer\services\db_writer.py","23/02/2026 12:32:45 PM","23/02/2026 12:32:45 PM","524","524","8C93316B6A66046AFC7ACD73F71857D777AA331749B8FD0948E507D6FC1A2271","8C93316B6A66046AFC7ACD73F71857D777AA331749B8FD0948E507D6FC1A2271"
"forensic_suite_v2\eth_indexer\services\eth_indexer_service.py","True","True","C:\development\forensic_tracer_installer_project_root\forensic_suite_v2\eth_indexer\services\eth_indexer_service.py","C:\development\forensic_suite_v2\forensic_suite_v2\eth_indexer\services\eth_indexer_service.py","23/02/2026 12:32:45 PM","23/02/2026 12:32:45 PM","977","977","06CC46DE40D03344DD6238347F5E0C9033359719B6F424F89D1371FB221A8DC3","06CC46DE40D03344DD6238347F5E0C9033359719B6F424F89D1371FB221A8DC3"
"forensic_suite_v2\eth_indexer\services\receipt_worker.py","True","True","C:\development\forensic_tracer_installer_project_root\forensic_suite_v2\eth_indexer\services\receipt_worker.py","C:\development\forensic_suite_v2\forensic_suite_v2\eth_indexer\services\receipt_worker.py","23/02/2026 12:32:45 PM","23/02/2026 12:32:45 PM","301","301","5F7F32A7AE925F7817335A60B8A37ECA68D0E17FB39016A708BA4756E6B2BEDA","5F7F32A7AE925F7817335A60B8A37ECA68D0E17FB39016A708BA4756E6B2BEDA"
"forensic_suite_v2\eth_indexer\services\reorg_detector.py","True","True","C:\development\forensic_tracer_installer_project_root\forensic_suite_v2\eth_indexer\services\reorg_detector.py","C:\development\forensic_suite_v2\forensic_suite_v2\eth_indexer\services\reorg_detector.py","23/02/2026 12:32:45 PM","23/02/2026 12:32:45 PM","156","156","F13D5A0A2F1BCF2A8105835ADCD16430CB580BEEAFB1A6F7AF74C19B87F1EB97","F13D5A0A2F1BCF2A8105835ADCD16430CB580BEEAFB1A6F7AF74C19B87F1EB97"
"forensic_suite_v2\eth_indexer\services\run_eth_indexer_v2.py","True","True","C:\development\forensic_tracer_installer_project_root\forensic_suite_v2\eth_indexer\services\run_eth_indexer_v2.py","C:\development\forensic_suite_v2\forensic_suite_v2\eth_indexer\services\run_eth_indexer_v2.py","24/02/2026 6:02:47 PM","24/02/2026 6:02:47 PM","1465","1465","402B1F767F0E9A55CE84CB34151755EB55010B059E3A999ACAE2098ED85C334D","402B1F767F0E9A55CE84CB34151755EB55010B059E3A999ACAE2098ED85C334D"
"forensic_suite_v2\gui\__init__.py","True","True","C:\development\forensic_tracer_installer_project_root\forensic_suite_v2\gui\__init__.py","C:\development\forensic_suite_v2\forensic_suite_v2\gui\__init__.py","23/02/2026 12:32:45 PM","23/02/2026 12:32:45 PM","0","0","E3B0C44298FC1C149AFBF4C8996FB92427AE41E4649B934CA495991B7852B855","E3B0C44298FC1C149AFBF4C8996FB92427AE41E4649B934CA495991B7852B855"
"forensic_suite_v2\gui\__pycache__\__init__.cpython-311.pyc","True","True","C:\development\forensic_tracer_installer_project_root\forensic_suite_v2\gui\__pycache__\__init__.cpython-311.pyc","C:\development\forensic_suite_v2\forensic_suite_v2\gui\__pycache__\__init__.cpython-311.pyc","23/02/2026 7:43:36 PM","23/02/2026 7:43:36 PM","196","196","A2D47AC09EF6BADFBFE96D1A6F3AE829C77EA7D139C98A64E3501CBF2CE235D6","A2D47AC09EF6BADFBFE96D1A6F3AE829C77EA7D139C98A64E3501CBF2CE235D6"
"forensic_suite_v2\gui\__pycache__\app.cpython-311.pyc","True","True","C:\development\forensic_tracer_installer_project_root\forensic_suite_v2\gui\__pycache__\app.cpython-311.pyc","C:\development\forensic_suite_v2\forensic_suite_v2\gui\__pycache__\app.cpython-311.pyc","23/02/2026 7:43:36 PM","23/02/2026 7:43:36 PM","18567","18567","C6A64076752FB2BCA6684CCEAA7330C5D5D60CC78FD3FA19EF6A28E9D548DC80","C6A64076752FB2BCA6684CCEAA7330C5D5D60CC78FD3FA19EF6A28E9D548DC80"
"forensic_suite_v2\gui\app.py","True","True","C:\development\forensic_tracer_installer_project_root\forensic_suite_v2\gui\app.py","C:\development\forensic_suite_v2\forensic_suite_v2\gui\app.py","23/02/2026 12:32:45 PM","23/02/2026 12:32:45 PM","11433","11433","4A316D8CBD421A09DE32FCFD3AA1EFDA56FD73A6B31D7ADC491629FF171F406B","4A316D8CBD421A09DE32FCFD3AA1EFDA56FD73A6B31D7ADC491629FF171F406B"
"forensic_suite_v2\gui\icons\forensic.ico","True","True","C:\development\forensic_tracer_installer_project_root\forensic_suite_v2\gui\icons\forensic.ico","C:\development\forensic_suite_v2\forensic_suite_v2\gui\icons\forensic.ico","23/02/2026 12:32:45 PM","23/02/2026 12:32:45 PM","4325438","4325438","E5E0FB138FC4270A6A03BACC94D1108B8ABE85C0429D81AFC639F6F77B99E0B3","E5E0FB138FC4270A6A03BACC94D1108B8ABE85C0429D81AFC639F6F77B99E0B3"
"forensic_suite_v2\legacy\btc\run_btc_indexer_old.py","True","True","C:\development\forensic_tracer_installer_project_root\forensic_suite_v2\legacy\btc\run_btc_indexer_old.py","C:\development\forensic_suite_v2\forensic_suite_v2\legacy\btc\run_btc_indexer_old.py","23/02/2026 12:32:45 PM","23/02/2026 12:32:45 PM","9530","9530","2472792018E8539DD6501AB93E650E35874FD45F8537117E4A03EBBCDBC87759","2472792018E8539DD6501AB93E650E35874FD45F8537117E4A03EBBCDBC87759"
"forensic_suite_v2\legacy\eth\run_eth_indexer_old.py","True","True","C:\development\forensic_tracer_installer_project_root\forensic_suite_v2\legacy\eth\run_eth_indexer_old.py","C:\development\forensic_suite_v2\forensic_suite_v2\legacy\eth\run_eth_indexer_old.py","23/02/2026 12:32:45 PM","23/02/2026 12:32:45 PM","15626","15626","06F4FCA7F6F93369145CBB0F74D5CB9A03C53300C7DA0610A416C595E5B57D6F","06F4FCA7F6F93369145CBB0F74D5CB9A03C53300C7DA0610A416C595E5B57D6F"
"forensic_suite_v2\legacy\orchestrator_old.py","True","True","C:\development\forensic_tracer_installer_project_root\forensic_suite_v2\legacy\orchestrator_old.py","C:\development\forensic_suite_v2\forensic_suite_v2\legacy\orchestrator_old.py","23/02/2026 12:32:45 PM","23/02/2026 12:32:45 PM","5458","5458","79B8A17515064AB17FDFFC15DE7ACDF59F9081A8C1219942B7CDFFE595F682DB","79B8A17515064AB17FDFFC15DE7ACDF59F9081A8C1219942B7CDFFE595F682DB"
"forensic_suite_v2\legacy\tron\indexer_service_old.py","True","True","C:\development\forensic_tracer_installer_project_root\forensic_suite_v2\legacy\tron\indexer_service_old.py","C:\development\forensic_suite_v2\forensic_suite_v2\legacy\tron\indexer_service_old.py","23/02/2026 12:32:45 PM","23/02/2026 12:32:45 PM","1382","1382","3E4866DBF9CC2759CEA5D035882B348FB4A5B4AAF7F7CD78CEA061B8DBC49F57","3E4866DBF9CC2759CEA5D035882B348FB4A5B4AAF7F7CD78CEA061B8DBC49F57"
"forensic_suite_v2\legacy\tron\orchestrator_service_old.py","True","True","C:\development\forensic_tracer_installer_project_root\forensic_suite_v2\legacy\tron\orchestrator_service_old.py","C:\development\forensic_suite_v2\forensic_suite_v2\legacy\tron\orchestrator_service_old.py","23/02/2026 12:32:45 PM","23/02/2026 12:32:45 PM","1753","1753","47B22113DEC2BB1F79293A92A0ED112917F43D058B8A06650C8CD850CBA01C35","47B22113DEC2BB1F79293A92A0ED112917F43D058B8A06650C8CD850CBA01C35"
"forensic_suite_v2\legacy\tron\run_indexer_old.py","True","True","C:\development\forensic_tracer_installer_project_root\forensic_suite_v2\legacy\tron\run_indexer_old.py","C:\development\forensic_suite_v2\forensic_suite_v2\legacy\tron\run_indexer_old.py","23/02/2026 12:32:45 PM","23/02/2026 12:32:45 PM","16105","16105","7186468274BB68645B6AC00359C27A65A08EDD2D77B6B14820580B136CAFDD10","7186468274BB68645B6AC00359C27A65A08EDD2D77B6B14820580B136CAFDD10"
"forensic_suite_v2\legacy\tron\run_tron_indexer_old.py","True","True","C:\development\forensic_tracer_installer_project_root\forensic_suite_v2\legacy\tron\run_tron_indexer_old.py","C:\development\forensic_suite_v2\forensic_suite_v2\legacy\tron\run_tron_indexer_old.py","23/02/2026 12:32:45 PM","23/02/2026 12:32:45 PM","19931","19931","5D8CE070BF6ED805ABBC782CB2CB33139821A6CA41FD9B0EBA7CD750DD0CB068","5D8CE070BF6ED805ABBC782CB2CB33139821A6CA41FD9B0EBA7CD750DD0CB068"
"forensic_suite_v2\Makefile","True","True","C:\development\forensic_tracer_installer_project_root\forensic_suite_v2\Makefile","C:\development\forensic_suite_v2\forensic_suite_v2\Makefile","23/02/2026 12:32:44 PM","23/02/2026 12:32:44 PM","287","287","CF9BA9ED018DF8C3797A219D5A73E5480C9224218CD896FC689B65F91CCE60CF","CF9BA9ED018DF8C3797A219D5A73E5480C9224218CD896FC689B65F91CCE60CF"
"forensic_suite_v2\plugins\__init__.py","True","True","C:\development\forensic_tracer_installer_project_root\forensic_suite_v2\plugins\__init__.py","C:\development\forensic_suite_v2\forensic_suite_v2\plugins\__init__.py","23/02/2026 12:32:45 PM","23/02/2026 12:32:45 PM","0","0","E3B0C44298FC1C149AFBF4C8996FB92427AE41E4649B934CA495991B7852B855","E3B0C44298FC1C149AFBF4C8996FB92427AE41E4649B934CA495991B7852B855"
"forensic_suite_v2\plugins\__pycache__\__init__.cpython-311.pyc","True","True","C:\development\forensic_tracer_installer_project_root\forensic_suite_v2\plugins\__pycache__\__init__.cpython-311.pyc","C:\development\forensic_suite_v2\forensic_suite_v2\plugins\__pycache__\__init__.cpython-311.pyc","23/02/2026 7:43:38 PM","23/02/2026 7:43:38 PM","200","200","7CBC09D31976FEAA1339399DE6459FE8FF31E43D3D553823D4751E0E355F7CC1","7CBC09D31976FEAA1339399DE6459FE8FF31E43D3D553823D4751E0E355F7CC1"
"forensic_suite_v2\plugins\btc\__init__.py","True","True","C:\development\forensic_tracer_installer_project_root\forensic_suite_v2\plugins\btc\__init__.py","C:\development\forensic_suite_v2\forensic_suite_v2\plugins\btc\__init__.py","23/02/2026 12:32:45 PM","23/02/2026 12:32:45 PM","29","29","3FB6770C870478CD18FBC0DABCB45A4678C5CADB75CA7EAAE7184BF29977B54F","3FB6770C870478CD18FBC0DABCB45A4678C5CADB75CA7EAAE7184BF29977B54F"
"forensic_suite_v2\plugins\btc\__pycache__\__init__.cpython-311.pyc","True","True","C:\development\forensic_tracer_installer_project_root\forensic_suite_v2\plugins\btc\__pycache__\__init__.cpython-311.pyc","C:\development\forensic_suite_v2\forensic_suite_v2\plugins\btc\__pycache__\__init__.cpython-311.pyc","23/02/2026 7:43:38 PM","23/02/2026 7:43:38 PM","258","258","ADE2DF5684E15D99A43E0077B1D0D84E335CDEEBCF2D4F907DE4F2BACCB10739","ADE2DF5684E15D99A43E0077B1D0D84E335CDEEBCF2D4F907DE4F2BACCB10739"
"forensic_suite_v2\plugins\btc\__pycache__\plugin.cpython-311.pyc","True","True","C:\development\forensic_tracer_installer_project_root\forensic_suite_v2\plugins\btc\__pycache__\plugin.cpython-311.pyc","C:\development\forensic_suite_v2\forensic_suite_v2\plugins\btc\__pycache__\plugin.cpython-311.pyc","23/02/2026 7:43:38 PM","23/02/2026 7:43:38 PM","685","685","702AA426C2E9496C07D3C85496FDB291E6A835C661DEE0FF0484F215D32F81ED","702AA426C2E9496C07D3C85496FDB291E6A835C661DEE0FF0484F215D32F81ED"
"forensic_suite_v2\plugins\btc\plugin.py","True","True","C:\development\forensic_tracer_installer_project_root\forensic_suite_v2\plugins\btc\plugin.py","C:\development\forensic_suite_v2\forensic_suite_v2\plugins\btc\plugin.py","23/02/2026 12:32:45 PM","23/02/2026 12:32:45 PM","167","167","7515FE94A33AD53DFCFDF4E09C4783698406A8B9AC5CF40C1581F4A30261E38F","7515FE94A33AD53DFCFDF4E09C4783698406A8B9AC5CF40C1581F4A30261E38F"
"forensic_suite_v2\plugins\custom\__init__.py","True","True","C:\development\forensic_tracer_installer_project_root\forensic_suite_v2\plugins\custom\__init__.py","C:\development\forensic_suite_v2\forensic_suite_v2\plugins\custom\__init__.py","23/02/2026 12:32:45 PM","23/02/2026 12:32:45 PM","32","32","8B6901FA56D2935992D74897F9A1A80A99E3883F2A46044ED05F26075174A584","8B6901FA56D2935992D74897F9A1A80A99E3883F2A46044ED05F26075174A584"
"forensic_suite_v2\plugins\custom\__pycache__\__init__.cpython-311.pyc","True","True","C:\development\forensic_tracer_installer_project_root\forensic_suite_v2\plugins\custom\__pycache__\__init__.cpython-311.pyc","C:\development\forensic_suite_v2\forensic_suite_v2\plugins\custom\__pycache__\__init__.cpython-311.pyc","23/02/2026 7:43:38 PM","23/02/2026 7:43:38 PM","264","264","E29A5862929705842C5981ECD7C3142743E209302E70F399FEFDE0365A69742E","E29A5862929705842C5981ECD7C3142743E209302E70F399FEFDE0365A69742E"
"forensic_suite_v2\plugins\custom\__pycache__\plugin.cpython-311.pyc","True","True","C:\development\forensic_tracer_installer_project_root\forensic_suite_v2\plugins\custom\__pycache__\plugin.cpython-311.pyc","C:\development\forensic_suite_v2\forensic_suite_v2\plugins\custom\__pycache__\plugin.cpython-311.pyc","23/02/2026 7:43:38 PM","23/02/2026 7:43:38 PM","699","699","12903A9517EC6A202D4E5F9A92F36C1EC82902D5C8EC99F5CAF7A786A895F649","12903A9517EC6A202D4E5F9A92F36C1EC82902D5C8EC99F5CAF7A786A895F649"
"forensic_suite_v2\plugins\custom\plugin.py","True","True","C:\development\forensic_tracer_installer_project_root\forensic_suite_v2\plugins\custom\plugin.py","C:\development\forensic_suite_v2\forensic_suite_v2\plugins\custom\plugin.py","23/02/2026 12:32:45 PM","23/02/2026 12:32:45 PM","242","242","484AFCC1BB215FC44CE25A62C90922F8FC9333F777F89C8685D582F968B904A5","484AFCC1BB215FC44CE25A62C90922F8FC9333F777F89C8685D582F968B904A5"
"forensic_suite_v2\plugins\eth\__init__.py","True","True","C:\development\forensic_tracer_installer_project_root\forensic_suite_v2\plugins\eth\__init__.py","C:\development\forensic_suite_v2\forensic_suite_v2\plugins\eth\__init__.py","23/02/2026 12:32:45 PM","23/02/2026 12:32:45 PM","29","29","B42AC7D2B097A9AAAB621ACEF5DF606E3C32F70AEE085BF99D8B45D85C34A7FE","B42AC7D2B097A9AAAB621ACEF5DF606E3C32F70AEE085BF99D8B45D85C34A7FE"
"forensic_suite_v2\plugins\eth\__pycache__\__init__.cpython-311.pyc","True","True","C:\development\forensic_tracer_installer_project_root\forensic_suite_v2\plugins\eth\__pycache__\__init__.cpython-311.pyc","C:\development\forensic_suite_v2\forensic_suite_v2\plugins\eth\__pycache__\__init__.cpython-311.pyc","23/02/2026 7:43:38 PM","23/02/2026 7:43:38 PM","258","258","1CAD1C9C9D811B2AC5DFC1525F3C71E8E9C62E074D9D64DEDDB9D59CE0B92F04","1CAD1C9C9D811B2AC5DFC1525F3C71E8E9C62E074D9D64DEDDB9D59CE0B92F04"
"forensic_suite_v2\plugins\eth\__pycache__\plugin.cpython-311.pyc","True","True","C:\development\forensic_tracer_installer_project_root\forensic_suite_v2\plugins\eth\__pycache__\plugin.cpython-311.pyc","C:\development\forensic_suite_v2\forensic_suite_v2\plugins\eth\__pycache__\plugin.cpython-311.pyc","23/02/2026 7:43:38 PM","23/02/2026 7:43:38 PM","686","686","03B1E7DF2E08D8756570B33F193F83042E2CE1C74CC64593BDC96E1DBE9B5E56","03B1E7DF2E08D8756570B33F193F83042E2CE1C74CC64593BDC96E1DBE9B5E56"
"forensic_suite_v2\plugins\eth\plugin.py","True","True","C:\development\forensic_tracer_installer_project_root\forensic_suite_v2\plugins\eth\plugin.py","C:\development\forensic_suite_v2\forensic_suite_v2\plugins\eth\plugin.py","23/02/2026 12:32:45 PM","23/02/2026 12:32:45 PM","168","168","BE109C90EAC023F88593B886881DB3B1F0B95FA6A6571E65F571626BA76BEFC6","BE109C90EAC023F88593B886881DB3B1F0B95FA6A6571E65F571626BA76BEFC6"
"forensic_suite_v2\plugins\tron\__init__.py","True","True","C:\development\forensic_tracer_installer_project_root\forensic_suite_v2\plugins\tron\__init__.py","C:\development\forensic_suite_v2\forensic_suite_v2\plugins\tron\__init__.py","23/02/2026 12:32:45 PM","23/02/2026 12:32:45 PM","30","30","0CD842F07F461C057F174168CE1F88928B514CE932B537291BE2D9E0E9B59F19","0CD842F07F461C057F174168CE1F88928B514CE932B537291BE2D9E0E9B59F19"
"forensic_suite_v2\plugins\tron\__pycache__\__init__.cpython-311.pyc","True","True","C:\development\forensic_tracer_installer_project_root\forensic_suite_v2\plugins\tron\__pycache__\__init__.cpython-311.pyc","C:\development\forensic_suite_v2\forensic_suite_v2\plugins\tron\__pycache__\__init__.cpython-311.pyc","23/02/2026 7:43:38 PM","23/02/2026 7:43:38 PM","260","260","CF4A9A53F917659FEFD9F633322D60B58FAAE55477C9A5642EB7FCF40D04660D","CF4A9A53F917659FEFD9F633322D60B58FAAE55477C9A5642EB7FCF40D04660D"
"forensic_suite_v2\plugins\tron\__pycache__\plugin.cpython-311.pyc","True","True","C:\development\forensic_tracer_installer_project_root\forensic_suite_v2\plugins\tron\__pycache__\plugin.cpython-311.pyc","C:\development\forensic_suite_v2\forensic_suite_v2\plugins\tron\__pycache__\plugin.cpython-311.pyc","23/02/2026 7:43:38 PM","23/02/2026 7:43:38 PM","687","687","2DD1DC6EE70CA2FC3A23EC69EA574FA058ADF7810F379ACB9D3C44C27BA2432F","2DD1DC6EE70CA2FC3A23EC69EA574FA058ADF7810F379ACB9D3C44C27BA2432F"
"forensic_suite_v2\plugins\tron\plugin.py","True","True","C:\development\forensic_tracer_installer_project_root\forensic_suite_v2\plugins\tron\plugin.py","C:\development\forensic_suite_v2\forensic_suite_v2\plugins\tron\plugin.py","23/02/2026 12:32:45 PM","23/02/2026 12:32:45 PM","167","167","916B8C36342A18243F481F6889025C87A2B015E796C4E21A510D38A09BD78094","916B8C36342A18243F481F6889025C87A2B015E796C4E21A510D38A09BD78094"
"forensic_suite_v2\scripts\__init__.py","True","True","C:\development\forensic_tracer_installer_project_root\forensic_suite_v2\scripts\__init__.py","C:\development\forensic_suite_v2\forensic_suite_v2\scripts\__init__.py","23/02/2026 12:32:45 PM","23/02/2026 12:32:45 PM","0","0","E3B0C44298FC1C149AFBF4C8996FB92427AE41E4649B934CA495991B7852B855","E3B0C44298FC1C149AFBF4C8996FB92427AE41E4649B934CA495991B7852B855"
"forensic_suite_v2\scripts\__pycache__\__init__.cpython-311.pyc","True","True","C:\development\forensic_tracer_installer_project_root\forensic_suite_v2\scripts\__pycache__\__init__.cpython-311.pyc","C:\development\forensic_suite_v2\forensic_suite_v2\scripts\__pycache__\__init__.cpython-311.pyc","23/02/2026 7:43:36 PM","23/02/2026 7:43:36 PM","200","200","02BCEB3644005A77A4619E727EC58B13722B99E50755D55397C174C7AED445E1","02BCEB3644005A77A4619E727EC58B13722B99E50755D55397C174C7AED445E1"
"forensic_suite_v2\scripts\__pycache__\db_migrate.cpython-311.pyc","True","True","C:\development\forensic_tracer_installer_project_root\forensic_suite_v2\scripts\__pycache__\db_migrate.cpython-311.pyc","C:\development\forensic_suite_v2\forensic_suite_v2\scripts\__pycache__\db_migrate.cpython-311.pyc","23/02/2026 7:43:38 PM","23/02/2026 7:43:38 PM","3409","3409","96D62DEE63CFE1871CFF59079262D709CBFA4AA2DFA59BCCAB11930B12226897","96D62DEE63CFE1871CFF59079262D709CBFA4AA2DFA59BCCAB11930B12226897"
"forensic_suite_v2\scripts\__pycache__\healthcheck_core.cpython-311.pyc","True","True","C:\development\forensic_tracer_installer_project_root\forensic_suite_v2\scripts\__pycache__\healthcheck_core.cpython-311.pyc","C:\development\forensic_suite_v2\forensic_suite_v2\scripts\__pycache__\healthcheck_core.cpython-311.pyc","23/02/2026 7:43:36 PM","23/02/2026 7:43:36 PM","2176","2176","AE70B018EC7D6820B847AE7CA201EFC8397DAF435A3BB36ED3F2993A179E777E","AE70B018EC7D6820B847AE7CA201EFC8397DAF435A3BB36ED3F2993A179E777E"
"forensic_suite_v2\scripts\__pycache__\healthcheck.cpython-311.pyc","True","True","C:\development\forensic_tracer_installer_project_root\forensic_suite_v2\scripts\__pycache__\healthcheck.cpython-311.pyc","C:\development\forensic_suite_v2\forensic_suite_v2\scripts\__pycache__\healthcheck.cpython-311.pyc","23/02/2026 7:43:36 PM","23/02/2026 7:43:36 PM","388","388","27FCF15617F0AF357ED6FC2E5DF181420A314ED7D3BA793CC85AEADF529E44EF","27FCF15617F0AF357ED6FC2E5DF181420A314ED7D3BA793CC85AEADF529E44EF"
"forensic_suite_v2\scripts\__pycache__\operator_console.cpython-311.pyc","True","True","C:\development\forensic_tracer_installer_project_root\forensic_suite_v2\scripts\__pycache__\operator_console.cpython-311.pyc","C:\development\forensic_suite_v2\forensic_suite_v2\scripts\__pycache__\operator_console.cpython-311.pyc","23/02/2026 7:43:36 PM","23/02/2026 7:43:36 PM","4947","4947","44F7054FE30EF48522310B6601346C7DEAD9993B41CA7704248F975EDB4FBCFC","44F7054FE30EF48522310B6601346C7DEAD9993B41CA7704248F975EDB4FBCFC"
"forensic_suite_v2\scripts\__pycache__\start_all_indexers.cpython-311.pyc","True","True","C:\development\forensic_tracer_installer_project_root\forensic_suite_v2\scripts\__pycache__\start_all_indexers.cpython-311.pyc","C:\development\forensic_suite_v2\forensic_suite_v2\scripts\__pycache__\start_all_indexers.cpython-311.pyc","23/02/2026 7:43:38 PM","23/02/2026 7:43:38 PM","1994","1994","7264E6C465DBC45686E11E2A86EABCC5D8F90633746386BE4387EA50F016B208","7264E6C465DBC45686E11E2A86EABCC5D8F90633746386BE4387EA50F016B208"
"forensic_suite_v2\scripts\db_migrate.py","True","True","C:\development\forensic_tracer_installer_project_root\forensic_suite_v2\scripts\db_migrate.py","C:\development\forensic_suite_v2\forensic_suite_v2\scripts\db_migrate.py","23/02/2026 12:32:45 PM","23/02/2026 12:32:45 PM","1501","1501","DAAC665ABC1D0EE0CEE1AFBCEBB4A680AAB2F8CA960768A90C9D4DD9837C9ACC","DAAC665ABC1D0EE0CEE1AFBCEBB4A680AAB2F8CA960768A90C9D4DD9837C9ACC"
"forensic_suite_v2\scripts\healthcheck_core.py","True","True","C:\development\forensic_tracer_installer_project_root\forensic_suite_v2\scripts\healthcheck_core.py","C:\development\forensic_suite_v2\forensic_suite_v2\scripts\healthcheck_core.py","23/02/2026 12:32:45 PM","23/02/2026 12:32:45 PM","878","878","5DC0736E42347006FD4A6AB372D77DDF072726A438242959BAEE80C5FFFE2F8C","5DC0736E42347006FD4A6AB372D77DDF072726A438242959BAEE80C5FFFE2F8C"
"forensic_suite_v2\scripts\healthcheck.py","True","True","C:\development\forensic_tracer_installer_project_root\forensic_suite_v2\scripts\healthcheck.py","C:\development\forensic_suite_v2\forensic_suite_v2\scripts\healthcheck.py","23/02/2026 12:32:45 PM","23/02/2026 12:32:45 PM","121","121","8EA03FEE615AEA62CB82054B9EE633364148AB4D6422D6D0D521418832471012","8EA03FEE615AEA62CB82054B9EE633364148AB4D6422D6D0D521418832471012"
"forensic_suite_v2\scripts\install_services.ps1","True","True","C:\development\forensic_tracer_installer_project_root\forensic_suite_v2\scripts\install_services.ps1","C:\development\forensic_suite_v2\forensic_suite_v2\scripts\install_services.ps1","26/02/2026 10:04:24 AM","26/02/2026 10:04:24 AM","2343","2343","D2A4E22B28026C754D74E65B6688D7F1EBB47F52D3530FA750901DF60B2C262E","D2A4E22B28026C754D74E65B6688D7F1EBB47F52D3530FA750901DF60B2C262E"
"forensic_suite_v2\scripts\operator_console.ps1","True","True","C:\development\forensic_tracer_installer_project_root\forensic_suite_v2\scripts\operator_console.ps1","C:\development\forensic_suite_v2\forensic_suite_v2\scripts\operator_console.ps1","23/02/2026 12:32:45 PM","23/02/2026 12:32:45 PM","1390","1390","149C9E11818A10EAA7A4E03293FE6C2240E003F947F640F9F1C7386468931BDB","149C9E11818A10EAA7A4E03293FE6C2240E003F947F640F9F1C7386468931BDB"
"forensic_suite_v2\scripts\operator_console.py","True","True","C:\development\forensic_tracer_installer_project_root\forensic_suite_v2\scripts\operator_console.py","C:\development\forensic_suite_v2\forensic_suite_v2\scripts\operator_console.py","23/02/2026 12:32:45 PM","23/02/2026 12:32:45 PM","2093","2093","EB08859104268225F8788AF0DA668F9E1631E62ECA29F43DA88AA558039C8965","EB08859104268225F8788AF0DA668F9E1631E62ECA29F43DA88AA558039C8965"
"forensic_suite_v2\scripts\start_all_indexers.py","True","True","C:\development\forensic_tracer_installer_project_root\forensic_suite_v2\scripts\start_all_indexers.py","C:\development\forensic_suite_v2\forensic_suite_v2\scripts\start_all_indexers.py","23/02/2026 12:32:45 PM","23/02/2026 12:32:45 PM","787","787","3EBE84B74A18C1BCB647A26CF5212BC77904A57F6412476715144A8079CC7A67","3EBE84B74A18C1BCB647A26CF5212BC77904A57F6412476715144A8079CC7A67"
"forensic_suite_v2\scripts\windows_orchestrator_service.ps1","True","True","C:\development\forensic_tracer_installer_project_root\forensic_suite_v2\scripts\windows_orchestrator_service.ps1","C:\development\forensic_suite_v2\forensic_suite_v2\scripts\windows_orchestrator_service.ps1","23/02/2026 12:32:45 PM","23/02/2026 12:32:45 PM","1166","1166","121B0845C9483635FD9EC479BE69812345815F38248680C09227AFCEB980E12E","121B0845C9483635FD9EC479BE69812345815F38248680C09227AFCEB980E12E"
"forensic_suite_v2\setup.cfg","True","True","C:\development\forensic_tracer_installer_project_root\forensic_suite_v2\setup.cfg","C:\development\forensic_suite_v2\forensic_suite_v2\setup.cfg","23/02/2026 12:32:45 PM","23/02/2026 12:32:45 PM","400","400","5EEF2F2FDA168B8C5762999EAE68A3E56E21A41F3665B8F0FE3FDF5D0910A0E1","5EEF2F2FDA168B8C5762999EAE68A3E56E21A41F3665B8F0FE3FDF5D0910A0E1"
"forensic_suite_v2\tools\__init__.py","True","True","C:\development\forensic_tracer_installer_project_root\forensic_suite_v2\tools\__init__.py","C:\development\forensic_suite_v2\forensic_suite_v2\tools\__init__.py","23/02/2026 12:32:45 PM","23/02/2026 12:32:45 PM","0","0","E3B0C44298FC1C149AFBF4C8996FB92427AE41E4649B934CA495991B7852B855","E3B0C44298FC1C149AFBF4C8996FB92427AE41E4649B934CA495991B7852B855"
"forensic_suite_v2\tools\__pycache__\__init__.cpython-311.pyc","True","True","C:\development\forensic_tracer_installer_project_root\forensic_suite_v2\tools\__pycache__\__init__.cpython-311.pyc","C:\development\forensic_suite_v2\forensic_suite_v2\tools\__pycache__\__init__.cpython-311.pyc","23/02/2026 7:43:38 PM","23/02/2026 7:43:38 PM","198","198","2675E056C2D240665D1550075AD29E720EFD9CEAD7FA584E2F84486AFB03A897","2675E056C2D240665D1550075AD29E720EFD9CEAD7FA584E2F84486AFB03A897"
"forensic_suite_v2\tools\__pycache__\env_loader.cpython-311.pyc","True","True","C:\development\forensic_tracer_installer_project_root\forensic_suite_v2\tools\__pycache__\env_loader.cpython-311.pyc","C:\development\forensic_suite_v2\forensic_suite_v2\tools\__pycache__\env_loader.cpython-311.pyc","23/02/2026 7:43:38 PM","23/02/2026 7:43:38 PM","455","455","6EF6F0CAD42011CEA7082041D6177D0F3E6B0C9D5E4BBD692E09C8439A8B6500","6EF6F0CAD42011CEA7082041D6177D0F3E6B0C9D5E4BBD692E09C8439A8B6500"
"forensic_suite_v2\tools\__pycache__\secret_loader.cpython-311.pyc","True","True","C:\development\forensic_tracer_installer_project_root\forensic_suite_v2\tools\__pycache__\secret_loader.cpython-311.pyc","C:\development\forensic_suite_v2\forensic_suite_v2\tools\__pycache__\secret_loader.cpython-311.pyc","23/02/2026 7:43:38 PM","23/02/2026 7:43:38 PM","898","898","707FE1CF9616050465B754D0CADE091B45254586238BDDD9452432EDE13A73FA","707FE1CF9616050465B754D0CADE091B45254586238BDDD9452432EDE13A73FA"
"forensic_suite_v2\tools\__pycache__\validate_env.cpython-311.pyc","True","True","C:\development\forensic_tracer_installer_project_root\forensic_suite_v2\tools\__pycache__\validate_env.cpython-311.pyc","C:\development\forensic_suite_v2\forensic_suite_v2\tools\__pycache__\validate_env.cpython-311.pyc","23/02/2026 7:43:38 PM","23/02/2026 7:43:38 PM","1888","1888","5CDCA42144A40FE373BE9D20C820C49BF3B4BE8664007F1B37A675154DE2EB5E","5CDCA42144A40FE373BE9D20C820C49BF3B4BE8664007F1B37A675154DE2EB5E"
"forensic_suite_v2\tools\__pycache__\validators.cpython-311.pyc","True","True","C:\development\forensic_tracer_installer_project_root\forensic_suite_v2\tools\__pycache__\validators.cpython-311.pyc","C:\development\forensic_suite_v2\forensic_suite_v2\tools\__pycache__\validators.cpython-311.pyc","23/02/2026 7:43:38 PM","23/02/2026 7:43:38 PM","962","962","DC4702BEADEB3E520BEB28A2C6978AD564599F8E279A145F1BE33F8EF0FC6166","DC4702BEADEB3E520BEB28A2C6978AD564599F8E279A145F1BE33F8EF0FC6166"
"forensic_suite_v2\tools\env_loader.py","True","True","C:\development\forensic_tracer_installer_project_root\forensic_suite_v2\tools\env_loader.py","C:\development\forensic_suite_v2\forensic_suite_v2\tools\env_loader.py","23/02/2026 6:02:14 PM","23/02/2026 6:02:14 PM","112","112","9E3E08A70035B84C9D90C4D7E04099E069C89AE0D1A13A8E7781B663F6BDC016","9E3E08A70035B84C9D90C4D7E04099E069C89AE0D1A13A8E7781B663F6BDC016"
"forensic_suite_v2\tools\loadforensicenv.ps1","True","True","C:\development\forensic_tracer_installer_project_root\forensic_suite_v2\tools\loadforensicenv.ps1","C:\development\forensic_suite_v2\forensic_suite_v2\tools\loadforensicenv.ps1","23/02/2026 6:01:51 PM","23/02/2026 6:01:51 PM","4634","4634","C3EA9D4FD8ED340AEFFA0B234D66CE17D1AD4394E2E180B9327F80D5CC97D6B8","C3EA9D4FD8ED340AEFFA0B234D66CE17D1AD4394E2E180B9327F80D5CC97D6B8"
"forensic_suite_v2\tools\secret_loader.py","True","True","C:\development\forensic_tracer_installer_project_root\forensic_suite_v2\tools\secret_loader.py","C:\development\forensic_suite_v2\forensic_suite_v2\tools\secret_loader.py","23/02/2026 4:28:49 PM","23/02/2026 4:28:49 PM","301","301","9182E781A7C992BB51A7322A6FBD8986C3A54CD273C851A86524EB959C766F09","9182E781A7C992BB51A7322A6FBD8986C3A54CD273C851A86524EB959C766F09"
"forensic_suite_v2\tools\validate_env.py","True","True","C:\development\forensic_tracer_installer_project_root\forensic_suite_v2\tools\validate_env.py","C:\development\forensic_suite_v2\forensic_suite_v2\tools\validate_env.py","23/02/2026 6:02:34 PM","23/02/2026 6:02:34 PM","1139","1139","B261DBE6F58C4A96FA21093DEA322060A1F97F80B89C7F00AAC45CB1AA531B9A","B261DBE6F58C4A96FA21093DEA322060A1F97F80B89C7F00AAC45CB1AA531B9A"
"forensic_suite_v2\tools\validators.py","True","True","C:\development\forensic_tracer_installer_project_root\forensic_suite_v2\tools\validators.py","C:\development\forensic_suite_v2\forensic_suite_v2\tools\validators.py","23/02/2026 6:02:51 PM","23/02/2026 6:02:51 PM","387","387","69F017C82425A9B3F0186998067E03C01E377EA93EEDCA3557DC36D9614AA8B6","69F017C82425A9B3F0186998067E03C01E377EA93EEDCA3557DC36D9614AA8B6"
"forensic_suite_v2\tron_indexer\__init__.py","True","True","C:\development\forensic_tracer_installer_project_root\forensic_suite_v2\tron_indexer\__init__.py","C:\development\forensic_suite_v2\forensic_suite_v2\tron_indexer\__init__.py","23/02/2026 12:32:45 PM","23/02/2026 12:32:45 PM","0","0","E3B0C44298FC1C149AFBF4C8996FB92427AE41E4649B934CA495991B7852B855","E3B0C44298FC1C149AFBF4C8996FB92427AE41E4649B934CA495991B7852B855"
"forensic_suite_v2\tron_indexer\__pycache__\__init__.cpython-311.pyc","True","True","C:\development\forensic_tracer_installer_project_root\forensic_suite_v2\tron_indexer\__pycache__\__init__.cpython-311.pyc","C:\development\forensic_suite_v2\forensic_suite_v2\tron_indexer\__pycache__\__init__.cpython-311.pyc","23/02/2026 7:43:36 PM","23/02/2026 7:43:36 PM","205","205","E70931CAE7F37D36A858086038D08ACE1B8D676AD3FE60A6F81E2E89CAEF66FA","E70931CAE7F37D36A858086038D08ACE1B8D676AD3FE60A6F81E2E89CAEF66FA"
"forensic_suite_v2\tron_indexer\config\__init__.py","True","True","C:\development\forensic_tracer_installer_project_root\forensic_suite_v2\tron_indexer\config\__init__.py","C:\development\forensic_suite_v2\forensic_suite_v2\tron_indexer\config\__init__.py","23/02/2026 12:32:45 PM","23/02/2026 12:32:45 PM","0","0","E3B0C44298FC1C149AFBF4C8996FB92427AE41E4649B934CA495991B7852B855","E3B0C44298FC1C149AFBF4C8996FB92427AE41E4649B934CA495991B7852B855"
"forensic_suite_v2\tron_indexer\config\__pycache__\__init__.cpython-311.pyc","True","True","C:\development\forensic_tracer_installer_project_root\forensic_suite_v2\tron_indexer\config\__pycache__\__init__.cpython-311.pyc","C:\development\forensic_suite_v2\forensic_suite_v2\tron_indexer\config\__pycache__\__init__.cpython-311.pyc","23/02/2026 7:43:38 PM","23/02/2026 7:43:38 PM","212","212","29D3940AA73CD0B20343B65125A3B4EF70824339104B24E60C44BD4CCCCBE060","29D3940AA73CD0B20343B65125A3B4EF70824339104B24E60C44BD4CCCCBE060"
"forensic_suite_v2\tron_indexer\config\indexer.yaml","True","True","C:\development\forensic_tracer_installer_project_root\forensic_suite_v2\tron_indexer\config\indexer.yaml","C:\development\forensic_suite_v2\forensic_suite_v2\tron_indexer\config\indexer.yaml","23/02/2026 12:32:45 PM","23/02/2026 12:32:45 PM","1365","1365","06F705D0B1CB43CFC1A5594E932B539BAC72E6E4C6185847BC7B59B631E6342D","06F705D0B1CB43CFC1A5594E932B539BAC72E6E4C6185847BC7B59B631E6342D"
"forensic_suite_v2\tron_indexer\dashboard\__init__.py","True","True","C:\development\forensic_tracer_installer_project_root\forensic_suite_v2\tron_indexer\dashboard\__init__.py","C:\development\forensic_suite_v2\forensic_suite_v2\tron_indexer\dashboard\__init__.py","23/02/2026 12:32:45 PM","23/02/2026 12:32:45 PM","0","0","E3B0C44298FC1C149AFBF4C8996FB92427AE41E4649B934CA495991B7852B855","E3B0C44298FC1C149AFBF4C8996FB92427AE41E4649B934CA495991B7852B855"
"forensic_suite_v2\tron_indexer\dashboard\__pycache__\__init__.cpython-311.pyc","True","True","C:\development\forensic_tracer_installer_project_root\forensic_suite_v2\tron_indexer\dashboard\__pycache__\__init__.cpython-311.pyc","C:\development\forensic_suite_v2\forensic_suite_v2\tron_indexer\dashboard\__pycache__\__init__.cpython-311.pyc","23/02/2026 7:43:38 PM","23/02/2026 7:43:38 PM","215","215","7CF18B83866A9B6878705A3DC0CE1E7E7F854DBFE5FDC535BC37B0B68B89BD21","7CF18B83866A9B6878705A3DC0CE1E7E7F854DBFE5FDC535BC37B0B68B89BD21"
"forensic_suite_v2\tron_indexer\dashboard\__pycache__\tron_dashboard.cpython-311.pyc","True","True","C:\development\forensic_tracer_installer_project_root\forensic_suite_v2\tron_indexer\dashboard\__pycache__\tron_dashboard.cpython-311.pyc","C:\development\forensic_suite_v2\forensic_suite_v2\tron_indexer\dashboard\__pycache__\tron_dashboard.cpython-311.pyc","23/02/2026 7:43:38 PM","23/02/2026 7:43:38 PM","6420","6420","4E3E1EAC225150DEB79A175E873FEF6B1C3E10579162D52E6998F9726DC2CA09","4E3E1EAC225150DEB79A175E873FEF6B1C3E10579162D52E6998F9726DC2CA09"
"forensic_suite_v2\tron_indexer\dashboard\tron_dashboard.py","True","True","C:\development\forensic_tracer_installer_project_root\forensic_suite_v2\tron_indexer\dashboard\tron_dashboard.py","C:\development\forensic_suite_v2\forensic_suite_v2\tron_indexer\dashboard\tron_dashboard.py","23/02/2026 12:32:45 PM","23/02/2026 12:32:45 PM","3554","3554","10BD758DE698A09816371E225D70BC9783E4CA771162C2DA68C135737560F9F5","10BD758DE698A09816371E225D70BC9783E4CA771162C2DA68C135737560F9F5"
"forensic_suite_v2\tron_indexer\indexer\__init__.py","True","True","C:\development\forensic_tracer_installer_project_root\forensic_suite_v2\tron_indexer\indexer\__init__.py","C:\development\forensic_suite_v2\forensic_suite_v2\tron_indexer\indexer\__init__.py","23/02/2026 12:32:45 PM","23/02/2026 12:32:45 PM","0","0","E3B0C44298FC1C149AFBF4C8996FB92427AE41E4649B934CA495991B7852B855","E3B0C44298FC1C149AFBF4C8996FB92427AE41E4649B934CA495991B7852B855"
"forensic_suite_v2\tron_indexer\indexer\__pycache__\__init__.cpython-311.pyc","True","True","C:\development\forensic_tracer_installer_project_root\forensic_suite_v2\tron_indexer\indexer\__pycache__\__init__.cpython-311.pyc","C:\development\forensic_suite_v2\forensic_suite_v2\tron_indexer\indexer\__pycache__\__init__.cpython-311.pyc","23/02/2026 7:43:38 PM","23/02/2026 7:43:38 PM","213","213","AEB5443E3C77AF0162917596FC40A1B011E171EECF16AF957C6A3E9391D999C0","AEB5443E3C77AF0162917596FC40A1B011E171EECF16AF957C6A3E9391D999C0"
"forensic_suite_v2\tron_indexer\indexer\__pycache__\token_registry.cpython-311.pyc","True","True","C:\development\forensic_tracer_installer_project_root\forensic_suite_v2\tron_indexer\indexer\__pycache__\token_registry.cpython-311.pyc","C:\development\forensic_suite_v2\forensic_suite_v2\tron_indexer\indexer\__pycache__\token_registry.cpython-311.pyc","23/02/2026 7:43:38 PM","23/02/2026 7:43:38 PM","2013","2013","60B57D24DB4568F3BF8114A11CEA811538101D74B030E1AC04D01916EF86C79A","60B57D24DB4568F3BF8114A11CEA811538101D74B030E1AC04D01916EF86C79A"
"forensic_suite_v2\tron_indexer\indexer\token_registry.py","True","True","C:\development\forensic_tracer_installer_project_root\forensic_suite_v2\tron_indexer\indexer\token_registry.py","C:\development\forensic_suite_v2\forensic_suite_v2\tron_indexer\indexer\token_registry.py","23/02/2026 12:32:45 PM","23/02/2026 12:32:45 PM","1465","1465","D702A4EAA9CC2505A4FBBBC3EE6E3D3BAD64B2DE001D887BC98E12CD7E06501F","D702A4EAA9CC2505A4FBBBC3EE6E3D3BAD64B2DE001D887BC98E12CD7E06501F"
"forensic_suite_v2\tron_indexer\services\__init__.py","True","True","C:\development\forensic_tracer_installer_project_root\forensic_suite_v2\tron_indexer\services\__init__.py","C:\development\forensic_suite_v2\forensic_suite_v2\tron_indexer\services\__init__.py","23/02/2026 12:32:45 PM","23/02/2026 12:32:45 PM","0","0","E3B0C44298FC1C149AFBF4C8996FB92427AE41E4649B934CA495991B7852B855","E3B0C44298FC1C149AFBF4C8996FB92427AE41E4649B934CA495991B7852B855"
"forensic_suite_v2\tron_indexer\services\__pycache__\__init__.cpython-311.pyc","True","True","C:\development\forensic_tracer_installer_project_root\forensic_suite_v2\tron_indexer\services\__pycache__\__init__.cpython-311.pyc","C:\development\forensic_suite_v2\forensic_suite_v2\tron_indexer\services\__pycache__\__init__.cpython-311.pyc","23/02/2026 7:43:36 PM","23/02/2026 7:43:36 PM","214","214","C6010EACF8323663DF88187749543638B661AE354C92F9B0276B840AB910B382","C6010EACF8323663DF88187749543638B661AE354C92F9B0276B840AB910B382"
"forensic_suite_v2\tron_indexer\services\__pycache__\api_server.cpython-311.pyc","True","True","C:\development\forensic_tracer_installer_project_root\forensic_suite_v2\tron_indexer\services\__pycache__\api_server.cpython-311.pyc","C:\development\forensic_suite_v2\forensic_suite_v2\tron_indexer\services\__pycache__\api_server.cpython-311.pyc","23/02/2026 8:30:57 PM","23/02/2026 8:30:57 PM","16381","16381","BA310A527FF0E824B9D240969D5A4534EDB8560C878F494C3B5FD740B4F7988D","BA310A527FF0E824B9D240969D5A4534EDB8560C878F494C3B5FD740B4F7988D"
"forensic_suite_v2\tron_indexer\services\__pycache__\block_scanner.cpython-311.pyc","True","True","C:\development\forensic_tracer_installer_project_root\forensic_suite_v2\tron_indexer\services\__pycache__\block_scanner.cpython-311.pyc","C:\development\forensic_suite_v2\forensic_suite_v2\tron_indexer\services\__pycache__\block_scanner.cpython-311.pyc","23/02/2026 7:43:39 PM","23/02/2026 7:43:39 PM","1845","1845","CA3D6E9FF2205D929F53C57B0971795B4037CA7A5FD8EC1AEC411AD5A3BEE2D8","CA3D6E9FF2205D929F53C57B0971795B4037CA7A5FD8EC1AEC411AD5A3BEE2D8"
"forensic_suite_v2\tron_indexer\services\__pycache__\checkpoint.cpython-311.pyc","True","True","C:\development\forensic_tracer_installer_project_root\forensic_suite_v2\tron_indexer\services\__pycache__\checkpoint.cpython-311.pyc","C:\development\forensic_suite_v2\forensic_suite_v2\tron_indexer\services\__pycache__\checkpoint.cpython-311.pyc","23/02/2026 7:43:39 PM","23/02/2026 7:43:39 PM","2193","2193","4E90EF1DF1EB4538B6F23B7A57D8ACF2136121C44983BFFE0BD34CB1D1BA9762","4E90EF1DF1EB4538B6F23B7A57D8ACF2136121C44983BFFE0BD34CB1D1BA9762"
"forensic_suite_v2\tron_indexer\services\__pycache__\db_writer.cpython-311.pyc","True","True","C:\development\forensic_tracer_installer_project_root\forensic_suite_v2\tron_indexer\services\__pycache__\db_writer.cpython-311.pyc","C:\development\forensic_suite_v2\forensic_suite_v2\tron_indexer\services\__pycache__\db_writer.cpython-311.pyc","23/02/2026 7:43:39 PM","23/02/2026 7:43:39 PM","1624","1624","5B21EB525092E1C23E6D8CA162DA4BE1F7DAAD29B5D0DAE0B1250C29C48444B7","5B21EB525092E1C23E6D8CA162DA4BE1F7DAAD29B5D0DAE0B1250C29C48444B7"
"forensic_suite_v2\tron_indexer\services\__pycache__\receipt_worker.cpython-311.pyc","True","True","C:\development\forensic_tracer_installer_project_root\forensic_suite_v2\tron_indexer\services\__pycache__\receipt_worker.cpython-311.pyc","C:\development\forensic_suite_v2\forensic_suite_v2\tron_indexer\services\__pycache__\receipt_worker.cpython-311.pyc","23/02/2026 7:43:39 PM","23/02/2026 7:43:39 PM","1106","1106","FFF4D45A75874C45859CE62F129385F204852BB68B32DC2A5CB5D41E5916524F","FFF4D45A75874C45859CE62F129385F204852BB68B32DC2A5CB5D41E5916524F"
"forensic_suite_v2\tron_indexer\services\__pycache__\reorg_detector.cpython-311.pyc","True","True","C:\development\forensic_tracer_installer_project_root\forensic_suite_v2\tron_indexer\services\__pycache__\reorg_detector.cpython-311.pyc","C:\development\forensic_suite_v2\forensic_suite_v2\tron_indexer\services\__pycache__\reorg_detector.cpython-311.pyc","23/02/2026 7:43:39 PM","23/02/2026 7:43:39 PM","822","822","EC0F13D6C1BB7F31800B4DD055C798401AE61897B7F795CE4665B4CFDB62318B","EC0F13D6C1BB7F31800B4DD055C798401AE61897B7F795CE4665B4CFDB62318B"
"forensic_suite_v2\tron_indexer\services\__pycache__\run_tron_indexer_v2.cpython-311.pyc","True","True","C:\development\forensic_tracer_installer_project_root\forensic_suite_v2\tron_indexer\services\__pycache__\run_tron_indexer_v2.cpython-311.pyc","C:\development\forensic_suite_v2\forensic_suite_v2\tron_indexer\services\__pycache__\run_tron_indexer_v2.cpython-311.pyc","23/02/2026 8:30:56 PM","23/02/2026 8:30:56 PM","2588","2588","7E0E7D831935C75121D9A8D73BD5AE4EE36D6AF93D64CACD26250DF701730121","7E0E7D831935C75121D9A8D73BD5AE4EE36D6AF93D64CACD26250DF701730121"
"forensic_suite_v2\tron_indexer\services\__pycache__\token_daemon.cpython-311.pyc","True","True","C:\development\forensic_tracer_installer_project_root\forensic_suite_v2\tron_indexer\services\__pycache__\token_daemon.cpython-311.pyc","C:\development\forensic_suite_v2\forensic_suite_v2\tron_indexer\services\__pycache__\token_daemon.cpython-311.pyc","23/02/2026 7:43:39 PM","23/02/2026 7:43:39 PM","13359","13359","D2A1791755DB94578D664287DB4743C650794FDE0C68725E9C469050EA499265","D2A1791755DB94578D664287DB4743C650794FDE0C68725E9C469050EA499265"
"forensic_suite_v2\tron_indexer\services\__pycache__\tron_indexer_service.cpython-311.pyc","True","True","C:\development\forensic_tracer_installer_project_root\forensic_suite_v2\tron_indexer\services\__pycache__\tron_indexer_service.cpython-311.pyc","C:\development\forensic_suite_v2\forensic_suite_v2\tron_indexer\services\__pycache__\tron_indexer_service.cpython-311.pyc","23/02/2026 7:43:36 PM","23/02/2026 7:43:36 PM","2743","2743","DE5F6E4E80FABAFA75E9FDEA602F3B54B410CF4C97F17B29A3E24D2A30AA120D","DE5F6E4E80FABAFA75E9FDEA602F3B54B410CF4C97F17B29A3E24D2A30AA120D"
"forensic_suite_v2\tron_indexer\services\api_server.py","True","True","C:\development\forensic_tracer_installer_project_root\forensic_suite_v2\tron_indexer\services\api_server.py","C:\development\forensic_suite_v2\forensic_suite_v2\tron_indexer\services\api_server.py","23/02/2026 8:30:54 PM","23/02/2026 8:30:54 PM","7894","7894","33B34FC61443BAA81EC6CD6A57C5A2D24C88D07CBAE4E05E1A1B58419E0C4C04","33B34FC61443BAA81EC6CD6A57C5A2D24C88D07CBAE4E05E1A1B58419E0C4C04"
"forensic_suite_v2\tron_indexer\services\block_scanner.py","True","True","C:\development\forensic_tracer_installer_project_root\forensic_suite_v2\tron_indexer\services\block_scanner.py","C:\development\forensic_suite_v2\forensic_suite_v2\tron_indexer\services\block_scanner.py","23/02/2026 12:32:45 PM","23/02/2026 12:32:45 PM","445","445","EDA90AFAD3008EE7D43BF064753BCC65ED086DA006049078B124C82BAAD9CDCE","EDA90AFAD3008EE7D43BF064753BCC65ED086DA006049078B124C82BAAD9CDCE"
"forensic_suite_v2\tron_indexer\services\checkpoint.py","True","True","C:\development\forensic_tracer_installer_project_root\forensic_suite_v2\tron_indexer\services\checkpoint.py","C:\development\forensic_suite_v2\forensic_suite_v2\tron_indexer\services\checkpoint.py","23/02/2026 12:32:45 PM","23/02/2026 12:32:45 PM","700","700","4688C4C3F7D5D779B71BF7CC4F36B9EA602DCA83E8F95C02B25C76E1E97B77C7","4688C4C3F7D5D779B71BF7CC4F36B9EA602DCA83E8F95C02B25C76E1E97B77C7"
"forensic_suite_v2\tron_indexer\services\db_writer.py","True","True","C:\development\forensic_tracer_installer_project_root\forensic_suite_v2\tron_indexer\services\db_writer.py","C:\development\forensic_suite_v2\forensic_suite_v2\tron_indexer\services\db_writer.py","23/02/2026 12:32:45 PM","23/02/2026 12:32:45 PM","416","416","466323E6ED7C4B56A38D7DF50C48B813C73B95591014AF217BB07CFE499A35D0","466323E6ED7C4B56A38D7DF50C48B813C73B95591014AF217BB07CFE499A35D0"
"forensic_suite_v2\tron_indexer\services\receipt_worker.py","True","True","C:\development\forensic_tracer_installer_project_root\forensic_suite_v2\tron_indexer\services\receipt_worker.py","C:\development\forensic_suite_v2\forensic_suite_v2\tron_indexer\services\receipt_worker.py","23/02/2026 12:32:45 PM","23/02/2026 12:32:45 PM","250","250","F6E478D4C897CC6058016545E5E0AFBC07208D857E502A76353512BB349C5B6C","F6E478D4C897CC6058016545E5E0AFBC07208D857E502A76353512BB349C5B6C"
"forensic_suite_v2\tron_indexer\services\reorg_detector.py","True","True","C:\development\forensic_tracer_installer_project_root\forensic_suite_v2\tron_indexer\services\reorg_detector.py","C:\development\forensic_suite_v2\forensic_suite_v2\tron_indexer\services\reorg_detector.py","23/02/2026 12:32:45 PM","23/02/2026 12:32:45 PM","157","157","4298B5651FC4F8355CA902A286A5FEAEAD43A8FDEEBCBB06C35B80C04BFD94B4","4298B5651FC4F8355CA902A286A5FEAEAD43A8FDEEBCBB06C35B80C04BFD94B4"
"forensic_suite_v2\tron_indexer\services\run_tron_indexer_v2.py","True","True","C:\development\forensic_tracer_installer_project_root\forensic_suite_v2\tron_indexer\services\run_tron_indexer_v2.py","C:\development\forensic_suite_v2\forensic_suite_v2\tron_indexer\services\run_tron_indexer_v2.py","24/02/2026 5:57:54 PM","24/02/2026 5:57:54 PM","1474","1474","5E2C79A225D3C831F1D7FB3C6463D2387C3D13A505460895CCD5A3E8EEFCBC09","5E2C79A225D3C831F1D7FB3C6463D2387C3D13A505460895CCD5A3E8EEFCBC09"
"forensic_suite_v2\tron_indexer\services\supervisor.ps1","True","True","C:\development\forensic_tracer_installer_project_root\forensic_suite_v2\tron_indexer\services\supervisor.ps1","C:\development\forensic_suite_v2\forensic_suite_v2\tron_indexer\services\supervisor.ps1","23/02/2026 12:32:45 PM","23/02/2026 12:32:45 PM","420","420","C0C302A86B5E77510A4FD502B3ED0D0775F31DB396D851DD40BE5449741B3C0D","C0C302A86B5E77510A4FD502B3ED0D0775F31DB396D851DD40BE5449741B3C0D"
"forensic_suite_v2\tron_indexer\services\token_daemon.py","True","True","C:\development\forensic_tracer_installer_project_root\forensic_suite_v2\tron_indexer\services\token_daemon.py","C:\development\forensic_suite_v2\forensic_suite_v2\tron_indexer\services\token_daemon.py","23/02/2026 12:32:45 PM","23/02/2026 12:32:45 PM","11240","11240","CB505300D1E4FF4332CB03DC1DE48471651C2065C7D952BC1241DA74F49C859A","CB505300D1E4FF4332CB03DC1DE48471651C2065C7D952BC1241DA74F49C859A"
"forensic_suite_v2\tron_indexer\services\tron_indexer_service.py","True","True","C:\development\forensic_tracer_installer_project_root\forensic_suite_v2\tron_indexer\services\tron_indexer_service.py","C:\development\forensic_suite_v2\forensic_suite_v2\tron_indexer\services\tron_indexer_service.py","23/02/2026 12:32:45 PM","23/02/2026 12:32:45 PM","989","989","9506DC73239EDEAA20AD6DC032F0489AB2FC7C9E37F1EA521F2C669937806E95","9506DC73239EDEAA20AD6DC032F0489AB2FC7C9E37F1EA521F2C669937806E95"
"forensic_suite_v2\tron_indexer\services\utils\__init__.py","True","True","C:\development\forensic_tracer_installer_project_root\forensic_suite_v2\tron_indexer\services\utils\__init__.py","C:\development\forensic_suite_v2\forensic_suite_v2\tron_indexer\services\utils\__init__.py","23/02/2026 12:32:45 PM","23/02/2026 12:32:45 PM","0","0","E3B0C44298FC1C149AFBF4C8996FB92427AE41E4649B934CA495991B7852B855","E3B0C44298FC1C149AFBF4C8996FB92427AE41E4649B934CA495991B7852B855"
"forensic_suite_v2\tron_indexer\services\utils\__pycache__\__init__.cpython-311.pyc","True","True","C:\development\forensic_tracer_installer_project_root\forensic_suite_v2\tron_indexer\services\utils\__pycache__\__init__.cpython-311.pyc","C:\development\forensic_suite_v2\forensic_suite_v2\tron_indexer\services\utils\__pycache__\__init__.cpython-311.pyc","23/02/2026 7:43:39 PM","23/02/2026 7:43:39 PM","220","220","0C82C14ADF38A19175054D0B25D9EAAD4CE3FE4AC288EB4F5B1E7D5541370F79","0C82C14ADF38A19175054D0B25D9EAAD4CE3FE4AC288EB4F5B1E7D5541370F79"
"forensic_suite_v2\tron_indexer\sql\__init__.py","True","True","C:\development\forensic_tracer_installer_project_root\forensic_suite_v2\tron_indexer\sql\__init__.py","C:\development\forensic_suite_v2\forensic_suite_v2\tron_indexer\sql\__init__.py","23/02/2026 12:32:45 PM","23/02/2026 12:32:45 PM","0","0","E3B0C44298FC1C149AFBF4C8996FB92427AE41E4649B934CA495991B7852B855","E3B0C44298FC1C149AFBF4C8996FB92427AE41E4649B934CA495991B7852B855"
"forensic_suite_v2\tron_indexer\sql\__pycache__\__init__.cpython-311.pyc","True","True","C:\development\forensic_tracer_installer_project_root\forensic_suite_v2\tron_indexer\sql\__pycache__\__init__.cpython-311.pyc","C:\development\forensic_suite_v2\forensic_suite_v2\tron_indexer\sql\__pycache__\__init__.cpython-311.pyc","23/02/2026 7:43:39 PM","23/02/2026 7:43:39 PM","209","209","CF8CA6D352C0A209F65FBB56C680B453B727F9232F0458AEB7171AD968BC4293","CF8CA6D352C0A209F65FBB56C680B453B727F9232F0458AEB7171AD968BC4293"
"forensic_suite_v2\tron_indexer\sql\tron_dashboard.sql","True","True","C:\development\forensic_tracer_installer_project_root\forensic_suite_v2\tron_indexer\sql\tron_dashboard.sql","C:\development\forensic_suite_v2\forensic_suite_v2\tron_indexer\sql\tron_dashboard.sql","23/02/2026 12:32:45 PM","23/02/2026 12:32:45 PM","3758","3758","396A430D8CAB3711BD3B0D4A09A489A7EE8EEAB6AAC951D8C5F72C3CBA9E3D78","396A430D8CAB3711BD3B0D4A09A489A7EE8EEAB6AAC951D8C5F72C3CBA9E3D78"
"ForensicSuite.Orchestrator\ForensicSuite.Orchestrator.psm1","True","False","C:\development\forensic_tracer_installer_project_root\ForensicSuite.Orchestrator\ForensicSuite.Orchestrator.psm1",,"23/02/2026 12:32:44 PM",,"395",,"0C90EF984DA8D7C0B85F9B83A62EA85752682D874CDC2E2BC095BB73B489AB50",
"ForensicSuite.Orchestrator\Private\Invoke-Rollback.ps1","True","False","C:\development\forensic_tracer_installer_project_root\ForensicSuite.Orchestrator\Private\Invoke-Rollback.ps1",,"23/02/2026 12:32:44 PM",,"1301",,"108EC6C70CC76A2A04A14FBB53A758EDD88E72A6C583A66C461C93FF3D1A5F8A",
"ForensicSuite.Orchestrator\Private\Invoke-SCP.ps1","True","False","C:\development\forensic_tracer_installer_project_root\ForensicSuite.Orchestrator\Private\Invoke-SCP.ps1",,"23/02/2026 12:32:44 PM",,"950",,"711B2DAAC8BD67BA6954639C29572BB9B3329A460F8A2CCA5365427A8B68AA44",
"ForensicSuite.Orchestrator\Private\Invoke-SSH.ps1","True","False","C:\development\forensic_tracer_installer_project_root\ForensicSuite.Orchestrator\Private\Invoke-SSH.ps1",,"23/02/2026 12:32:44 PM",,"1583",,"555DA06CA1C8E6FD4729346A7BD2574AB637F65A78A6006478FE8CA37091E6F5",
"ForensicSuite.Orchestrator\Private\Invoke-StepParallel.ps1","True","False","C:\development\forensic_tracer_installer_project_root\ForensicSuite.Orchestrator\Private\Invoke-StepParallel.ps1",,"23/02/2026 12:32:44 PM",,"2235",,"663B259F766E715D6449E9518F0A2A2AE41915E08D1094290CA8F4CFAD254CCD",
"ForensicSuite.Orchestrator\Private\Test-HostHealth.ps1","True","False","C:\development\forensic_tracer_installer_project_root\ForensicSuite.Orchestrator\Private\Test-HostHealth.ps1",,"23/02/2026 12:32:44 PM",,"790",,"7B041C8AE40D00873C2574F1152E588B9AA47A20F8A8350932DF64B06AE416CF",
"ForensicSuite.Orchestrator\Private\Write-ProgressEvent.ps1","True","False","C:\development\forensic_tracer_installer_project_root\ForensicSuite.Orchestrator\Private\Write-ProgressEvent.ps1",,"23/02/2026 12:32:44 PM",,"865",,"CF3A240933BF356936983F36596F0586864E2712F49FBD889931DC9FD8E4A450",
"ForensicSuite.Orchestrator\Public\Invoke-Orchestration.ps1","True","False","C:\development\forensic_tracer_installer_project_root\ForensicSuite.Orchestrator\Public\Invoke-Orchestration.ps1",,"23/02/2026 12:32:44 PM",,"1891",,"E00D73C38A4728560BEE8E9AFE519324DD963A4E1103C91DFDEA3A10AA85E71F",
"ForensicSuite.Orchestrator\Public\Read-OrchestrationManifest.ps1","True","False","C:\development\forensic_tracer_installer_project_root\ForensicSuite.Orchestrator\Public\Read-OrchestrationManifest.ps1",,"23/02/2026 12:32:44 PM",,"200",,"E2DB987B4451189B0884DF50744C37AA71EEF852881B0F7B326C4FB43A057328",
"ForensicSuite.spec","True","False","C:\development\forensic_tracer_installer_project_root\ForensicSuite.spec",,"23/02/2026 12:32:44 PM",,"2020",,"71DE4E0F3761B66D814AD9FB02CEFBF61EF9D92337EF2176CA7C2C34872CBB0B",
"grafana\datasources\postgres.yml","True","True","C:\development\forensic_tracer_installer_project_root\grafana\datasources\postgres.yml","C:\development\forensic_suite_v2\grafana\datasources\postgres.yml","23/02/2026 12:32:45 PM","19/02/2026 3:10:01 AM","284","298","8F6414E5F00FD59E76A99FB94E3CA9497BF89E7F81449D97644F32C28867BBA9","F39CA64142E7F1633189D0AFFB030800341576341D2B692DBE25DC02C2644ACA"
"healthcheck.ps1","False","True",,"C:\development\forensic_suite_v2\healthcheck.ps1",,"19/02/2026 5:52:53 PM",,"2073",,"B3E6E93BE801D024A58859D8858BCA136B07AEF148F6F84686BE043A63B32C57"
"indexers\__init__.py","True","True","C:\development\forensic_tracer_installer_project_root\indexers\__init__.py","C:\development\forensic_suite_v2\indexers\__init__.py","23/02/2026 12:32:45 PM","24/01/2026 3:06:04 PM","0","0","E3B0C44298FC1C149AFBF4C8996FB92427AE41E4649B934CA495991B7852B855","E3B0C44298FC1C149AFBF4C8996FB92427AE41E4649B934CA495991B7852B855"
"install-module.ps1","True","False","C:\development\forensic_tracer_installer_project_root\install-module.ps1",,"23/02/2026 12:32:45 PM",,"812",,"4946C79FBCF22CEAE9D2E961D11BFBB99CB15FEB9C441AA44A069512013E758C",
"installer_payload\bootstrap.ps1","True","False","C:\development\forensic_tracer_installer_project_root\installer_payload\bootstrap.ps1",,"25/02/2026 6:26:15 AM",,"5305",,"453A069C7638C33879905EEC635F00F2351262FC76BC82E20D5017F71F8B504A",
"installer_payload\config\__init__.py","True","False","C:\development\forensic_tracer_installer_project_root\installer_payload\config\__init__.py",,"23/02/2026 12:32:45 PM",,"0",,"E3B0C44298FC1C149AFBF4C8996FB92427AE41E4649B934CA495991B7852B855",
"installer_payload\config\tracer_v2.yaml","True","False","C:\development\forensic_tracer_installer_project_root\installer_payload\config\tracer_v2.yaml",,"23/02/2026 6:43:07 PM",,"1072",,"4EA42B1564D576832F536761E0BFF4DD7FF57724AA83F37FF9AC6EABD2F762CB",
"installer_payload\dashboards\__init__.py","True","False","C:\development\forensic_tracer_installer_project_root\installer_payload\dashboards\__init__.py",,"23/02/2026 12:32:45 PM",,"0",,"E3B0C44298FC1C149AFBF4C8996FB92427AE41E4649B934CA495991B7852B855",
"installer_payload\dashboards\btc_dashboard.ps1","True","False","C:\development\forensic_tracer_installer_project_root\installer_payload\dashboards\btc_dashboard.ps1",,"23/02/2026 6:34:43 PM",,"3668",,"B6930DE5C3B43A9699C6DA79BD53E4D63F5333C7FC72D0E6C175A549E9F68E7D",
"installer_payload\dashboards\eth_dashboard.ps1","True","False","C:\development\forensic_tracer_installer_project_root\installer_payload\dashboards\eth_dashboard.ps1",,"23/02/2026 6:37:41 PM",,"3180",,"FABA125E4BECAAE982A203B8A10C011805C508B489EE4D63884DD9FCC90ABF03",
"installer_payload\dashboards\grafana_btc_eth_tron_v2.json","True","False","C:\development\forensic_tracer_installer_project_root\installer_payload\dashboards\grafana_btc_eth_tron_v2.json",,"23/02/2026 12:32:45 PM",,"1362",,"ECEA20E12F4EFF860EC410110549DB6AE8B317EE29D14C7BDEA179B33D194E91",
"installer_payload\dashboards\grafana_forensic_cockpit_v2.json","True","False","C:\development\forensic_tracer_installer_project_root\installer_payload\dashboards\grafana_forensic_cockpit_v2.json",,"23/02/2026 12:32:45 PM",,"3717",,"C03F51569F63C17F48865C6EA92A3D954A3820E7EF60B3C36C446E39E20BDD99",
"installer_payload\dashboards\multi_chain_dashboard.ps1","True","False","C:\development\forensic_tracer_installer_project_root\installer_payload\dashboards\multi_chain_dashboard.ps1",,"23/02/2026 6:41:01 PM",,"1851",,"47ED5BA539B12DF7D0E59A1267EF3853415E55A9ED9FE161D7335A8C6C2AE748",
"installer_payload\dashboards\tron_dashboard.ps1","True","False","C:\development\forensic_tracer_installer_project_root\installer_payload\dashboards\tron_dashboard.ps1",,"23/02/2026 6:38:24 PM",,"3192",,"2821F368A43B70F1DC1E9E77739EFB6050DBFD6D99A845F5187484121DB59F7F",
"installer_payload\db\__init__.py","True","False","C:\development\forensic_tracer_installer_project_root\installer_payload\db\__init__.py",,"23/02/2026 12:32:45 PM",,"0",,"E3B0C44298FC1C149AFBF4C8996FB92427AE41E4649B934CA495991B7852B855",
"installer_payload\db\schema.sql","True","False","C:\development\forensic_tracer_installer_project_root\installer_payload\db\schema.sql",,"23/02/2026 12:32:45 PM",,"12137",,"8FC7FAA0D47C1BBD681399F2A4157D937F636A8C9D141930747D35C51186AABC",
"installer_payload\db\tron_dashboard.sql","True","False","C:\development\forensic_tracer_installer_project_root\installer_payload\db\tron_dashboard.sql",,"23/02/2026 12:32:45 PM",,"3758",,"396A430D8CAB3711BD3B0D4A09A489A7EE8EEAB6AAC951D8C5F72C3CBA9E3D78",
"installer_payload\dot_env.template","True","False","C:\development\forensic_tracer_installer_project_root\installer_payload\dot_env.template",,"23/02/2026 8:00:53 PM",,"403",,"F861E66B579519BEFEEE9E2B68D881F7C64F167854FB8F26D0DF906F2D07D894",
"installer_payload\env.template.json","True","False","C:\development\forensic_tracer_installer_project_root\installer_payload\env.template.json",,"23/02/2026 6:24:46 PM",,"466",,"0CD51852A333EF1C00793584635A09E3645D23774EA2920438C1FFD8BAE6F842",
"installer_payload\forensic_suite_v2-0.1.2-py3-none-any.whl","True","False","C:\development\forensic_tracer_installer_project_root\installer_payload\forensic_suite_v2-0.1.2-py3-none-any.whl",,"26/02/2026 12:43:06 PM",,"1571108",,"58C799BA3FB183F73E8148E72EDB1431BADDDFC17D7DBC7C528FA0A5EB9138AB",
"installer_payload\ForensicSuiteV2-Setup.exe","True","False","C:\development\forensic_tracer_installer_project_root\installer_payload\ForensicSuiteV2-Setup.exe",,"23/02/2026 8:31:34 PM",,"9751575",,"A912FEA8106B305CE1DBBB12B9C4024F56B00769137CD5E851A94722389E1D2E",
"installer_payload\scripts\orchestrator\Deploy-ForensicSuite.psm1","True","False","C:\development\forensic_tracer_installer_project_root\installer_payload\scripts\orchestrator\Deploy-ForensicSuite.psm1",,"23/02/2026 12:32:45 PM",,"2223",,"88A23CCF26AE4AB9827CD97CE219F7B2C8E2E325F2DF575D0F0F8A385E798DA8",
"installer_payload\scripts\orchestrator\deployment_manifest_single.json","True","False","C:\development\forensic_tracer_installer_project_root\installer_payload\scripts\orchestrator\deployment_manifest_single.json",,"23/02/2026 12:32:45 PM",,"334",,"F32314ADCF927411B3F22006BC744ED9F5004BB4B0D65FBE1FCD11C2DE95B16F",
"installer_payload\scripts\orchestrator\deployment_manifest.json","True","False","C:\development\forensic_tracer_installer_project_root\installer_payload\scripts\orchestrator\deployment_manifest.json",,"23/02/2026 12:32:45 PM",,"744",,"4F1D2DF4006B47B79D992C3CC8E38B32A4E78C76A41EF0149BE73C997C236D04",
"installer_payload\scripts\orchestrator\Health.ps1","True","False","C:\development\forensic_tracer_installer_project_root\installer_payload\scripts\orchestrator\Health.ps1",,"23/02/2026 12:32:45 PM",,"501",,"C13B5DB14DAE6A8D4F3A938B675761AE2B634A5123AEAA07FC2AEFDD6A63B081",
"installer_payload\scripts\orchestrator\Invoke-ForensicDeployment.ps1","True","False","C:\development\forensic_tracer_installer_project_root\installer_payload\scripts\orchestrator\Invoke-ForensicDeployment.ps1",,"23/02/2026 12:32:45 PM",,"880",,"45884F7979E63035FE1B7E4C8DF7B1AE8EE77042F30985D9D4C299F50561DCF1",
"installer_payload\scripts\orchestrator\Invoke-Plan.ps1","True","False","C:\development\forensic_tracer_installer_project_root\installer_payload\scripts\orchestrator\Invoke-Plan.ps1",,"23/02/2026 12:32:45 PM",,"1611",,"CA3244BEA47A91040BBCC2B66146B8BFF47B2640FFFD634C4B661FA50513DA57",
"installer_payload\scripts\orchestrator\Orchestrator.psm1","True","False","C:\development\forensic_tracer_installer_project_root\installer_payload\scripts\orchestrator\Orchestrator.psm1",,"23/02/2026 12:32:45 PM",,"6241",,"0B2F06656D92BBA346CE71713AF55CA875C82361F5DEC0C1113B772A6150EA22",
"installer_payload\scripts\orchestrator\Rollback-All.ps1","True","False","C:\development\forensic_tracer_installer_project_root\installer_payload\scripts\orchestrator\Rollback-All.ps1",,"23/02/2026 7:15:49 PM",,"900",,"DD439F7A60379EE140572E81E3BF3D7DCAFBC36FB840D4220449336005022E98",
"installer_payload\scripts\orchestrator\Rollback-BlueGreen.ps1","True","False","C:\development\forensic_tracer_installer_project_root\installer_payload\scripts\orchestrator\Rollback-BlueGreen.ps1",,"23/02/2026 7:28:45 PM",,"3675",,"3E69A909D7AA96F2335830CA0116DC744E5BB05A3A95A2DFAB8BB87BD9C87E49",
"installer_payload\scripts\orchestrator\Rollback-Cluster.ps1","True","False","C:\development\forensic_tracer_installer_project_root\installer_payload\scripts\orchestrator\Rollback-Cluster.ps1",,"23/02/2026 7:20:56 PM",,"1387",,"A236EB75C76B26431303E5278ABDA423636115CF91F1F5F62D16DEE13C037598",
"installer_payload\scripts\orchestrator\Rollback-Single.ps1","True","False","C:\development\forensic_tracer_installer_project_root\installer_payload\scripts\orchestrator\Rollback-Single.ps1",,"23/02/2026 7:20:00 PM",,"961",,"A758FFB11BB048AC6C709C58331F63A99D95224E0D0F513E7595B3F2803155BE",
"installer_payload\scripts\orchestrator\Rollback.ps1","True","False","C:\development\forensic_tracer_installer_project_root\installer_payload\scripts\orchestrator\Rollback.ps1",,"23/02/2026 12:32:45 PM",,"642",,"E0F526ABD04DB2C9398A9A5AB48611E628E431274F754356CA5D6E34F2A1E8FF",
"installer_payload\scripts\orchestrator\validate_remote_host.ps1","True","False","C:\development\forensic_tracer_installer_project_root\installer_payload\scripts\orchestrator\validate_remote_host.ps1",,"23/02/2026 12:32:45 PM",,"1477",,"B2EFBD7B13320B8BC719780A7F7736D36057F153505C5EF42E988E3CCC4C3EBC",
"installer_payload\tools\__init__.py","True","False","C:\development\forensic_tracer_installer_project_root\installer_payload\tools\__init__.py",,"23/02/2026 12:32:45 PM",,"0",,"E3B0C44298FC1C149AFBF4C8996FB92427AE41E4649B934CA495991B7852B855",
"installer_payload\tools\loadforensicenv.ps1","True","False","C:\development\forensic_tracer_installer_project_root\installer_payload\tools\loadforensicenv.ps1",,"23/02/2026 12:32:45 PM",,"5340",,"F07627B32A84F1B149546C5323D867F9266CDEB420716E5AFF268532039BBCCD",
"installer_payload\tools\validate_env.py","True","False","C:\development\forensic_tracer_installer_project_root\installer_payload\tools\validate_env.py",,"23/02/2026 12:32:45 PM",,"1064",,"15E5BBD6FEF00587D9E00A613F8860EDD0EE20FEC897AC34C85C7CF72B52A092",
"installer_script.iss","True","False","C:\development\forensic_tracer_installer_project_root\installer_script.iss",,"23/02/2026 5:59:38 PM",,"1376",,"CB68E0C42079AA177E9487A56D028E38296328845BD7BE225ADE9B760998AA35",
"Invoke-Deployment.ps1","True","False","C:\development\forensic_tracer_installer_project_root\Invoke-Deployment.ps1",,"23/02/2026 12:32:44 PM",,"1608",,"EAC6CA2D420007AFFE5D0E57FC43C0FE12A7808B9AA8E7F21AFE6D24E08552F4",
"logs\db_migrate.log","True","False","C:\development\forensic_tracer_installer_project_root\logs\db_migrate.log",,"23/02/2026 7:43:38 PM",,"0",,"E3B0C44298FC1C149AFBF4C8996FB92427AE41E4649B934CA495991B7852B855",
"logs\orchestrator.log.json","True","False","C:\development\forensic_tracer_installer_project_root\logs\orchestrator.log.json",,"23/02/2026 12:32:45 PM",,"42708",,"78785C28762C9105B82769E7EAFD9CCBD41473CDD6C006F4DEDB8D9C10DFDDE8",
"logs\trace_engine.log","True","False","C:\development\forensic_tracer_installer_project_root\logs\trace_engine.log",,"23/02/2026 7:43:36 PM",,"0",,"E3B0C44298FC1C149AFBF4C8996FB92427AE41E4649B934CA495991B7852B855",
"merge_suite.ps1","False","True",,"C:\development\forensic_suite_v2\merge_suite.ps1",,"19/02/2026 5:50:51 PM",,"1901",,"89B3CDD8DB8F14DE55A6BD5268C32CB53E59D6DEF391AD1A26E08DD021268429"
"Output\ForensicSuiteV2-Setup.exe","True","False","C:\development\forensic_tracer_installer_project_root\Output\ForensicSuiteV2-Setup.exe",,"26/02/2026 12:43:10 PM",,"12869382",,"356CEE5F1ECF475299B4E9068BA0732744E07F040FD5A327452D34E19D6D0D99",
"post_deploy_verification.ps1","False","True",,"C:\development\forensic_suite_v2\post_deploy_verification.ps1",,"19/02/2026 5:54:32 PM",,"1676",,"922044C18BDBEE5950C49DDAA5842D34460780AC97BFA3BAEAF87011EBB966AE"
"pre_deploy_validator.ps1","False","True",,"C:\development\forensic_suite_v2\pre_deploy_validator.ps1",,"19/02/2026 5:54:02 PM",,"1582",,"53510032E99C3954114EAAD292137D3DDA28F7A17C45511F418B43B5D4EB4EB7"
"pyproject.toml","True","True","C:\development\forensic_tracer_installer_project_root\pyproject.toml","C:\development\forensic_suite_v2\pyproject.toml","24/02/2026 1:13:28 PM","19/02/2026 4:34:13 AM","1989","549","696D5B1899126BFD834F3A176833AA840B97A4F1FFEB6FAEAE9E4F60287BDEA0","3CDBE4B89261D140A8D53F38BC6192533A965DD972BBFF40D4125D9D775F6E17"
"README.md","True","True","C:\development\forensic_tracer_installer_project_root\README.md","C:\development\forensic_suite_v2\README.md","23/02/2026 12:32:44 PM","19/02/2026 2:53:33 AM","2010","2115","B49CB7DE2643D0357D67BC7629EAEB6F9F02C36A94427CC77F3B7F3997D2E9F0","BC01AF00820E1CD92726A228258CF3318F455995450C0A44E4A2BD00817C8260"
"refresh_installer_payload.ps1","True","False","C:\development\forensic_tracer_installer_project_root\refresh_installer_payload.ps1",,"23/02/2026 12:32:45 PM",,"1787",,"19C4EE167A1C3F3D7FDFBFFDCA4CEE46ECFD7FA5D4774D843A6AB7F2B6B3DEFE",
"requirements.txt","True","False","C:\development\forensic_tracer_installer_project_root\requirements.txt",,"23/02/2026 12:32:45 PM",,"677",,"120C734E57998E7E0DEF4418EDB12C52FE86A4A4C13CD5E421E2437E85574537",
"restore_installer_payload.ps1","True","False","C:\development\forensic_tracer_installer_project_root\restore_installer_payload.ps1",,"23/02/2026 12:32:45 PM",,"3473",,"699CB1123515C4ECE9A2D5F2E0FE5170F6A029F4FC38C785E36056821219F519",
"rollback.ps1","False","True",,"C:\development\forensic_suite_v2\rollback.ps1",,"19/02/2026 5:53:24 PM",,"897",,"A5A075A0043AA0EF9E3EFBCA80C5C697AE703770B880866B8C2ED9BF955A7AFD"
"scripts\forensic_suite_rebuild_repo_csv.ps1","True","False","C:\development\forensic_tracer_installer_project_root\scripts\forensic_suite_rebuild_repo_csv.ps1",,"26/02/2026 10:19:01 AM",,"754",,"2F94EEDDA8B832FD93FE66549D10D8118273B2FAAE0FDDB847BDC72906D6CB3F",
"scripts\forensic_suite_repo_mapping.ps1","True","False","C:\development\forensic_tracer_installer_project_root\scripts\forensic_suite_repo_mapping.ps1",,"26/02/2026 10:16:13 AM",,"1828",,"A49408A6F3C571090393DC53385622443CC036A2916C4C31CC22228D4B11C10C",
"scripts\Forensic_Suite_V2—End‑to‑End_Deployment_Pipeline_Diagram.md","True","False","C:\development\forensic_tracer_installer_project_root\scripts\Forensic_Suite_V2—End‑to‑End_Deployment_Pipeline_Diagram.md",,"26/02/2026 12:29:09 PM",,"14900",,"AD0487E1D10D6CD1E6DE17EF6A525D0FEA822AADE385C2001CB81E1E5CB2E91B",
"scripts\Operational_Automation_for_Forensic_Suite_V2_README.md","True","False","C:\development\forensic_tracer_installer_project_root\scripts\Operational_Automation_for_Forensic_Suite_V2_README.md",,"26/02/2026 12:26:22 PM",,"5443",,"589D6F85D37634423AF853E82919143D84FB7E7E25607EDF98D3ADE4E70BC1F4",
"scripts\orchestrator\Deploy-ForensicSuite.psm1","True","False","C:\development\forensic_tracer_installer_project_root\scripts\orchestrator\Deploy-ForensicSuite.psm1",,"23/02/2026 12:32:45 PM",,"2223",,"88A23CCF26AE4AB9827CD97CE219F7B2C8E2E325F2DF575D0F0F8A385E798DA8",
"scripts\orchestrator\deployment_manifest.json","True","False","C:\development\forensic_tracer_installer_project_root\scripts\orchestrator\deployment_manifest.json",,"23/02/2026 12:32:45 PM",,"744",,"4F1D2DF4006B47B79D992C3CC8E38B32A4E78C76A41EF0149BE73C997C236D04",
"scripts\orchestrator\Health.ps1","True","False","C:\development\forensic_tracer_installer_project_root\scripts\orchestrator\Health.ps1",,"23/02/2026 12:32:45 PM",,"501",,"C13B5DB14DAE6A8D4F3A938B675761AE2B634A5123AEAA07FC2AEFDD6A63B081",
"scripts\orchestrator\Invoke-ForensicDeployment.ps1","True","False","C:\development\forensic_tracer_installer_project_root\scripts\orchestrator\Invoke-ForensicDeployment.ps1",,"23/02/2026 12:32:45 PM",,"880",,"45884F7979E63035FE1B7E4C8DF7B1AE8EE77042F30985D9D4C299F50561DCF1",
"scripts\orchestrator\Invoke-Plan.ps1","True","False","C:\development\forensic_tracer_installer_project_root\scripts\orchestrator\Invoke-Plan.ps1",,"23/02/2026 12:32:45 PM",,"1611",,"CA3244BEA47A91040BBCC2B66146B8BFF47B2640FFFD634C4B661FA50513DA57",
"scripts\orchestrator\Orchestrator.psm1","True","False","C:\development\forensic_tracer_installer_project_root\scripts\orchestrator\Orchestrator.psm1",,"23/02/2026 12:32:45 PM",,"6079",,"7FA525E63AC145215E817F1B5FB2E1652F1B2C76F86638835BCF6C2B77A29199",
"scripts\orchestrator\Rollback-All.ps1","True","False","C:\development\forensic_tracer_installer_project_root\scripts\orchestrator\Rollback-All.ps1",,"23/02/2026 12:32:45 PM",,"353",,"962552CDB6F22F879187C259EFEFB0EEF5CAAAD4D3E03C31B83E0E915AA4E423",
"scripts\orchestrator\Rollback.ps1","True","False","C:\development\forensic_tracer_installer_project_root\scripts\orchestrator\Rollback.ps1",,"23/02/2026 12:32:45 PM",,"642",,"E0F526ABD04DB2C9398A9A5AB48611E628E431274F754356CA5D6E34F2A1E8FF",
"scripts\orchestrator\validate_remote_host.ps1","True","False","C:\development\forensic_tracer_installer_project_root\scripts\orchestrator\validate_remote_host.ps1",,"23/02/2026 12:32:45 PM",,"1477",,"B2EFBD7B13320B8BC719780A7F7736D36057F153505C5EF42E988E3CCC4C3EBC",
"scripts\Sync-DevTrees.Apply.ps1","True","False","C:\development\forensic_tracer_installer_project_root\scripts\Sync-DevTrees.Apply.ps1",,"27/02/2026 8:26:20 AM",,"4269",,"7352CD47EF64ABED7FC7A94F7CE28270B1FB4B3680C679036473C48550964E99",
"scripts\Sync-DevTrees.DryRun.ps1","True","False","C:\development\forensic_tracer_installer_project_root\scripts\Sync-DevTrees.DryRun.ps1",,"27/02/2026 8:05:10 AM",,"2873",,"32BCACBC1B83AD6F7F6F1C20972FC04F15D83BE6052C9057D0F8668B864DB7D0",
"scripts\Sync-DevTrees.ps1","True","False","C:\development\forensic_tracer_installer_project_root\scripts\Sync-DevTrees.ps1",,"26/02/2026 8:06:09 PM",,"2621",,"19A083E793FB799660D12720F8474467981B5626594C558AAB3145A8CF2012B2",
"scripts\Sync-DevTrees.Rollback.ps1","True","False","C:\development\forensic_tracer_installer_project_root\scripts\Sync-DevTrees.Rollback.ps1",,"27/02/2026 8:27:48 AM",,"2128",,"8FA1B28C8F2F0A98DA500D134B5F32A468FD55DEA34337024D7913B9A849AC5C",
"scripts\Sync-DevTrees.Validate.ps1","True","False","C:\development\forensic_tracer_installer_project_root\scripts\Sync-DevTrees.Validate.ps1",,"27/02/2026 8:29:47 AM",,"2636",,"1993AD8BDF3FE1E25101C4C5D70BB3741A9A0C46F54216BF99AE26828CD14CA4",
"scripts\Sync‑DevTrees-Toolchain—README.md","True","False","C:\development\forensic_tracer_installer_project_root\scripts\Sync‑DevTrees-Toolchain—README.md",,"27/02/2026 8:35:37 AM",,"4311",,"053DE48E626D889F32AE005C3585E2D6C4D5729A4DF0A4BEEE34460E7512F285",
"sitecustomize.py","True","False","C:\development\forensic_tracer_installer_project_root\sitecustomize.py",,"23/02/2026 12:32:45 PM",,"76",,"3536380244FC478FB8FC2DE8E8495AFEFAEE4F3D670C9A9E29F7C0FC1EB637A8",
"Start-ForensicCluster.ps1","True","False","C:\development\forensic_tracer_installer_project_root\Start-ForensicCluster.ps1",,"23/02/2026 12:32:44 PM",,"1508",,"7799204649DD096CF912BC5DB8D8BC7149A74BDC0905745782B987705684D07E",
"Sync-Cluster.ps1","True","False","C:\development\forensic_tracer_installer_project_root\Sync-Cluster.ps1",,"23/02/2026 12:32:44 PM",,"1679",,"C4908A8FBB173DA76106252E4F2EED17E7BA0B70827A0019E64EB64D3B339279",
"Sync-DevTrees.ps1","True","False","C:\development\forensic_tracer_installer_project_root\Sync-DevTrees.ps1",,"23/02/2026 12:32:44 PM",,"964",,"A26C768DDEBECD896D7D5E28EBCDA5A7FD9F7B6DAA5438600DCF81CF61C00768",
"test_install.ps1","True","False","C:\development\forensic_tracer_installer_project_root\test_install.ps1",,"24/02/2026 6:54:17 PM",,"4577",,"AD4E35531241C1A6444D88479280D93B28CA691F0DE5185848502D6BB39E2190",
"tests\dryrun.ps1","True","False","C:\development\forensic_tracer_installer_project_root\tests\dryrun.ps1",,"23/02/2026 12:32:45 PM",,"510",,"B2F50A12E4AB82E544906A6848BBD53061C22978F7273D16AA2EF253A182C47F",
